Ticket_ID,Application_ID,Issue_Type,Resolution_Time_Hours,Escalation_Level
TCK00000001,APP0000004,Upload,32,Tier 2
TCK00000002,APP0000036,Other,1,Tier 1
TCK00000003,APP0000041,Login,25,Tier 2
TCK00000004,APP0000048,Login,18,Tier 2
TCK00000005,APP0000053,Upload,28,Tier 1
TCK00000006,APP0000054,Login,21,Tier 1
TCK00000007,APP0000061,Status Inquiry,32,Tier 2
TCK00000008,APP0000070,Login,18,Tier 2
TCK00000009,APP0000073,Status Inquiry,13,Tier 1
TCK00000010,APP0000074,Status Inquiry,22,Tier 1
TCK00000011,APP0000088,Login,21,Tier 2
TCK00000012,APP0000089,Upload,15,Tier 1
TCK00000013,APP0000101,Login,16,Tier 1
TCK00000014,APP0000106,Upload,23,Tier 2
TCK00000015,APP0000113,Upload,23,Tier 1
TCK00000016,APP0000118,Upload,14,Tier 1
TCK00000017,APP0000121,Upload,15,Tier 1
TCK00000018,APP0000133,Other,3,Tier 1
TCK00000019,APP0000138,Upload,31,Tier 3
TCK00000020,APP0000143,Login,16,Tier 1
TCK00000021,APP0000172,Status Inquiry,28,Tier 1
TCK00000022,APP0000207,Other,21,Tier 2
TCK00000023,APP0000212,Other,33,Tier 1
TCK00000024,APP0000216,Status Inquiry,30,Tier 1
TCK00000025,APP0000217,Login,20,Tier 1
TCK00000026,APP0000220,Other,29,Tier 1
TCK00000027,APP0000223,Status Inquiry,10,Tier 1
TCK00000028,APP0000237,Status Inquiry,28,Tier 2
TCK00000029,APP0000240,Upload,6,Tier 1
TCK00000030,APP0000241,Login,20,Tier 1
TCK00000031,APP0000246,Status Inquiry,26,Tier 2
TCK00000032,APP0000247,Status Inquiry,19,Tier 2
TCK00000033,APP0000259,Status Inquiry,15,Tier 3
TCK00000034,APP0000281,Login,11,Tier 2
TCK00000035,APP0000289,Login,15,Tier 2
TCK00000036,APP0000301,Status Inquiry,26,Tier 1
TCK00000037,APP0000304,Login,25,Tier 2
TCK00000038,APP0000311,Other,15,Tier 1
TCK00000039,APP0000317,Login,8,Tier 2
TCK00000040,APP0000318,Status Inquiry,23,Tier 2
TCK00000041,APP0000321,Upload,6,Tier 1
TCK00000042,APP0000330,Upload,13,Tier 1
TCK00000043,APP0000334,Login,12,Tier 1
TCK00000044,APP0000342,Status Inquiry,23,Tier 2
TCK00000045,APP0000349,Other,19,Tier 1
TCK00000046,APP0000358,Status Inquiry,21,Tier 1
TCK00000047,APP0000366,Status Inquiry,20,Tier 1
TCK00000048,APP0000368,Status Inquiry,12,Tier 1
TCK00000049,APP0000377,Upload,22,Tier 1
TCK00000050,APP0000379,Upload,29,Tier 3
TCK00000051,APP0000391,Other,17,Tier 2
TCK00000052,APP0000392,Upload,23,Tier 1
TCK00000053,APP0000398,Login,16,Tier 1
TCK00000054,APP0000423,Other,26,Tier 1
TCK00000055,APP0000455,Other,23,Tier 1
TCK00000056,APP0000470,Upload,25,Tier 2
TCK00000057,APP0000479,Status Inquiry,20,Tier 2
TCK00000058,APP0000488,Status Inquiry,31,Tier 1
TCK00000059,APP0000489,Other,15,Tier 2
TCK00000060,APP0000490,Login,15,Tier 1
TCK00000061,APP0000503,Status Inquiry,13,Tier 1
TCK00000062,APP0000518,Upload,22,Tier 1
TCK00000063,APP0000525,Upload,13,Tier 3
TCK00000064,APP0000535,Status Inquiry,12,Tier 2
TCK00000065,APP0000541,Status Inquiry,23,Tier 1
TCK00000066,APP0000549,Upload,27,Tier 2
TCK00000067,APP0000552,Upload,22,Tier 1
TCK00000068,APP0000557,Other,1,Tier 2
TCK00000069,APP0000568,Status Inquiry,10,Tier 1
TCK00000070,APP0000573,Login,9,Tier 1
TCK00000071,APP0000574,Upload,8,Tier 1
TCK00000072,APP0000584,Status Inquiry,14,Tier 2
TCK00000073,APP0000590,Status Inquiry,32,Tier 1
TCK00000074,APP0000593,Other,15,Tier 1
TCK00000075,APP0000607,Login,12,Tier 3
TCK00000076,APP0000613,Status Inquiry,23,Tier 1
TCK00000077,APP0000614,Status Inquiry,18,Tier 1
TCK00000078,APP0000616,Login,18,Tier 1
TCK00000079,APP0000621,Login,12,Tier 1
TCK00000080,APP0000626,Login,17,Tier 1
TCK00000081,APP0000646,Login,21,Tier 1
TCK00000082,APP0000688,Status Inquiry,2,Tier 1
TCK00000083,APP0000695,Upload,5,Tier 1
TCK00000084,APP0000697,Status Inquiry,26,Tier 1
TCK00000085,APP0000726,Login,24,Tier 1
TCK00000086,APP0000741,Status Inquiry,13,Tier 2
TCK00000087,APP0000742,Status Inquiry,9,Tier 2
TCK00000088,APP0000743,Status Inquiry,16,Tier 2
TCK00000089,APP0000753,Status Inquiry,8,Tier 1
TCK00000090,APP0000755,Upload,15,Tier 1
TCK00000091,APP0000767,Login,31,Tier 1
TCK00000092,APP0000771,Other,19,Tier 1
TCK00000093,APP0000787,Login,27,Tier 2
TCK00000094,APP0000793,Upload,16,Tier 1
TCK00000095,APP0000801,Login,20,Tier 1
TCK00000096,APP0000820,Login,29,Tier 1
TCK00000097,APP0000829,Status Inquiry,7,Tier 1
TCK00000098,APP0000836,Status Inquiry,15,Tier 1
TCK00000099,APP0000843,Upload,16,Tier 1
TCK00000100,APP0000849,Status Inquiry,20,Tier 1
TCK00000101,APP0000880,Status Inquiry,30,Tier 1
TCK00000102,APP0000886,Upload,23,Tier 1
TCK00000103,APP0000897,Status Inquiry,6,Tier 1
TCK00000104,APP0000900,Upload,15,Tier 1
TCK00000105,APP0000902,Login,10,Tier 3
TCK00000106,APP0000904,Login,10,Tier 1
TCK00000107,APP0000925,Login,34,Tier 1
TCK00000108,APP0000933,Login,9,Tier 1
TCK00000109,APP0000941,Status Inquiry,19,Tier 1
TCK00000110,APP0000972,Other,12,Tier 1
TCK00000111,APP0000975,Login,24,Tier 1
TCK00000112,APP0000976,Status Inquiry,20,Tier 1
TCK00000113,APP0000990,Status Inquiry,19,Tier 1
TCK00000114,APP0000995,Status Inquiry,17,Tier 3
TCK00000115,APP0000996,Upload,27,Tier 1
TCK00000116,APP0001002,Upload,10,Tier 1
TCK00000117,APP0001003,Status Inquiry,12,Tier 1
TCK00000118,APP0001028,Login,9,Tier 2
TCK00000119,APP0001029,Status Inquiry,28,Tier 1
TCK00000120,APP0001032,Login,15,Tier 1
TCK00000121,APP0001038,Login,9,Tier 2
TCK00000122,APP0001067,Other,14,Tier 1
TCK00000123,APP0001070,Login,37,Tier 1
TCK00000124,APP0001073,Login,17,Tier 2
TCK00000125,APP0001075,Login,24,Tier 1
TCK00000126,APP0001082,Login,21,Tier 1
TCK00000127,APP0001085,Login,17,Tier 2
TCK00000128,APP0001092,Other,12,Tier 1
TCK00000129,APP0001095,Status Inquiry,15,Tier 1
TCK00000130,APP0001100,Upload,15,Tier 2
TCK00000131,APP0001112,Login,1,Tier 1
TCK00000132,APP0001124,Status Inquiry,38,Tier 1
TCK00000133,APP0001126,Upload,25,Tier 1
TCK00000134,APP0001138,Status Inquiry,18,Tier 1
TCK00000135,APP0001152,Upload,16,Tier 1
TCK00000136,APP0001166,Login,11,Tier 1
TCK00000137,APP0001172,Login,25,Tier 2
TCK00000138,APP0001183,Status Inquiry,16,Tier 1
TCK00000139,APP0001186,Login,21,Tier 2
TCK00000140,APP0001197,Login,6,Tier 1
TCK00000141,APP0001202,Upload,21,Tier 1
TCK00000142,APP0001213,Upload,34,Tier 1
TCK00000143,APP0001216,Upload,15,Tier 1
TCK00000144,APP0001252,Status Inquiry,24,Tier 1
TCK00000145,APP0001256,Upload,18,Tier 1
TCK00000146,APP0001259,Other,26,Tier 1
TCK00000147,APP0001271,Login,26,Tier 1
TCK00000148,APP0001281,Upload,18,Tier 2
TCK00000149,APP0001284,Status Inquiry,13,Tier 1
TCK00000150,APP0001286,Upload,20,Tier 1
TCK00000151,APP0001298,Status Inquiry,18,Tier 1
TCK00000152,APP0001306,Upload,13,Tier 2
TCK00000153,APP0001307,Upload,21,Tier 1
TCK00000154,APP0001316,Status Inquiry,21,Tier 1
TCK00000155,APP0001323,Upload,10,Tier 1
TCK00000156,APP0001324,Upload,17,Tier 1
TCK00000157,APP0001330,Upload,41,Tier 1
TCK00000158,APP0001335,Login,24,Tier 1
TCK00000159,APP0001338,Login,18,Tier 3
TCK00000160,APP0001357,Login,38,Tier 2
TCK00000161,APP0001373,Login,14,Tier 1
TCK00000162,APP0001386,Status Inquiry,1,Tier 1
TCK00000163,APP0001407,Upload,2,Tier 2
TCK00000164,APP0001417,Upload,5,Tier 2
TCK00000165,APP0001420,Upload,20,Tier 1
TCK00000166,APP0001429,Login,25,Tier 1
TCK00000167,APP0001434,Upload,1,Tier 2
TCK00000168,APP0001435,Status Inquiry,26,Tier 1
TCK00000169,APP0001436,Login,8,Tier 1
TCK00000170,APP0001468,Status Inquiry,20,Tier 2
TCK00000171,APP0001473,Status Inquiry,21,Tier 2
TCK00000172,APP0001480,Login,21,Tier 1
TCK00000173,APP0001491,Upload,18,Tier 2
TCK00000174,APP0001500,Login,19,Tier 3
TCK00000175,APP0001503,Upload,8,Tier 1
TCK00000176,APP0001507,Upload,20,Tier 1
TCK00000177,APP0001521,Login,25,Tier 1
TCK00000178,APP0001541,Upload,25,Tier 1
TCK00000179,APP0001551,Login,38,Tier 2
TCK00000180,APP0001553,Other,26,Tier 2
TCK00000181,APP0001558,Status Inquiry,23,Tier 1
TCK00000182,APP0001585,Upload,31,Tier 2
TCK00000183,APP0001591,Upload,19,Tier 2
TCK00000184,APP0001601,Upload,7,Tier 2
TCK00000185,APP0001605,Other,1,Tier 1
TCK00000186,APP0001606,Upload,28,Tier 1
TCK00000187,APP0001610,Login,22,Tier 1
TCK00000188,APP0001616,Login,24,Tier 1
TCK00000189,APP0001622,Login,15,Tier 1
TCK00000190,APP0001636,Login,20,Tier 1
TCK00000191,APP0001646,Status Inquiry,33,Tier 1
TCK00000192,APP0001647,Upload,20,Tier 1
TCK00000193,APP0001649,Status Inquiry,9,Tier 2
TCK00000194,APP0001672,Other,14,Tier 1
TCK00000195,APP0001673,Login,29,Tier 1
TCK00000196,APP0001679,Status Inquiry,9,Tier 1
TCK00000197,APP0001682,Status Inquiry,1,Tier 2
TCK00000198,APP0001698,Other,1,Tier 1
TCK00000199,APP0001699,Login,7,Tier 3
TCK00000200,APP0001713,Status Inquiry,24,Tier 2
TCK00000201,APP0001715,Upload,18,Tier 1
TCK00000202,APP0001718,Login,11,Tier 1
TCK00000203,APP0001730,Upload,7,Tier 1
TCK00000204,APP0001735,Other,17,Tier 2
TCK00000205,APP0001744,Upload,16,Tier 1
TCK00000206,APP0001757,Upload,13,Tier 2
TCK00000207,APP0001758,Status Inquiry,16,Tier 2
TCK00000208,APP0001765,Status Inquiry,11,Tier 1
TCK00000209,APP0001781,Status Inquiry,32,Tier 1
TCK00000210,APP0001792,Login,1,Tier 1
TCK00000211,APP0001809,Other,18,Tier 2
TCK00000212,APP0001811,Status Inquiry,9,Tier 1
TCK00000213,APP0001819,Other,23,Tier 2
TCK00000214,APP0001825,Status Inquiry,16,Tier 1
TCK00000215,APP0001838,Status Inquiry,20,Tier 2
TCK00000216,APP0001861,Status Inquiry,22,Tier 1
TCK00000217,APP0001872,Status Inquiry,19,Tier 1
TCK00000218,APP0001897,Login,25,Tier 2
TCK00000219,APP0001903,Status Inquiry,6,Tier 1
TCK00000220,APP0001913,Login,25,Tier 1
TCK00000221,APP0001918,Upload,16,Tier 1
TCK00000222,APP0001934,Upload,21,Tier 2
TCK00000223,APP0001940,Upload,30,Tier 1
TCK00000224,APP0001946,Status Inquiry,26,Tier 1
TCK00000225,APP0001951,Status Inquiry,33,Tier 1
TCK00000226,APP0001975,Other,1,Tier 1
TCK00000227,APP0001981,Status Inquiry,10,Tier 1
TCK00000228,APP0001987,Status Inquiry,25,Tier 1
TCK00000229,APP0001988,Login,8,Tier 1
TCK00000230,APP0001991,Upload,16,Tier 3
TCK00000231,APP0002018,Status Inquiry,31,Tier 1
TCK00000232,APP0002020,Upload,24,Tier 1
TCK00000233,APP0002024,Upload,10,Tier 1
TCK00000234,APP0002025,Status Inquiry,21,Tier 2
TCK00000235,APP0002028,Login,23,Tier 2
TCK00000236,APP0002029,Status Inquiry,18,Tier 1
TCK00000237,APP0002033,Status Inquiry,17,Tier 1
TCK00000238,APP0002044,Login,19,Tier 2
TCK00000239,APP0002045,Upload,5,Tier 2
TCK00000240,APP0002069,Other,19,Tier 1
TCK00000241,APP0002078,Upload,10,Tier 1
TCK00000242,APP0002088,Login,21,Tier 2
TCK00000243,APP0002119,Login,21,Tier 1
TCK00000244,APP0002123,Upload,10,Tier 2
TCK00000245,APP0002125,Login,22,Tier 1
TCK00000246,APP0002163,Login,20,Tier 2
TCK00000247,APP0002171,Login,17,Tier 1
TCK00000248,APP0002185,Status Inquiry,23,Tier 2
TCK00000249,APP0002197,Other,15,Tier 1
TCK00000250,APP0002205,Login,15,Tier 1
TCK00000251,APP0002270,Upload,18,Tier 1
TCK00000252,APP0002290,Status Inquiry,17,Tier 1
TCK00000253,APP0002292,Login,27,Tier 2
TCK00000254,APP0002296,Status Inquiry,1,Tier 1
TCK00000255,APP0002299,Status Inquiry,15,Tier 2
TCK00000256,APP0002310,Status Inquiry,1,Tier 1
TCK00000257,APP0002326,Upload,13,Tier 2
TCK00000258,APP0002328,Status Inquiry,19,Tier 1
TCK00000259,APP0002332,Status Inquiry,17,Tier 1
TCK00000260,APP0002356,Upload,25,Tier 1
TCK00000261,APP0002365,Login,20,Tier 1
TCK00000262,APP0002366,Other,1,Tier 1
TCK00000263,APP0002379,Upload,8,Tier 2
TCK00000264,APP0002380,Upload,30,Tier 1
TCK00000265,APP0002405,Other,30,Tier 1
TCK00000266,APP0002408,Status Inquiry,18,Tier 1
TCK00000267,APP0002417,Status Inquiry,5,Tier 1
TCK00000268,APP0002421,Status Inquiry,34,Tier 1
TCK00000269,APP0002423,Status Inquiry,1,Tier 1
TCK00000270,APP0002427,Status Inquiry,20,Tier 1
TCK00000271,APP0002428,Other,17,Tier 2
TCK00000272,APP0002431,Status Inquiry,19,Tier 1
TCK00000273,APP0002451,Status Inquiry,8,Tier 1
TCK00000274,APP0002455,Status Inquiry,14,Tier 1
TCK00000275,APP0002460,Login,26,Tier 1
TCK00000276,APP0002469,Other,13,Tier 1
TCK00000277,APP0002480,Status Inquiry,6,Tier 2
TCK00000278,APP0002482,Login,17,Tier 2
TCK00000279,APP0002485,Status Inquiry,18,Tier 1
TCK00000280,APP0002489,Status Inquiry,16,Tier 2
TCK00000281,APP0002491,Upload,10,Tier 2
TCK00000282,APP0002493,Upload,21,Tier 1
TCK00000283,APP0002504,Upload,16,Tier 1
TCK00000284,APP0002507,Login,7,Tier 3
TCK00000285,APP0002511,Upload,19,Tier 2
TCK00000286,APP0002517,Status Inquiry,17,Tier 1
TCK00000287,APP0002522,Status Inquiry,18,Tier 1
TCK00000288,APP0002538,Upload,3,Tier 2
TCK00000289,APP0002545,Status Inquiry,11,Tier 1
TCK00000290,APP0002550,Status Inquiry,20,Tier 1
TCK00000291,APP0002551,Other,24,Tier 1
TCK00000292,APP0002561,Upload,20,Tier 2
TCK00000293,APP0002566,Login,18,Tier 1
TCK00000294,APP0002588,Login,23,Tier 1
TCK00000295,APP0002602,Upload,25,Tier 2
TCK00000296,APP0002614,Upload,31,Tier 1
TCK00000297,APP0002619,Login,21,Tier 1
TCK00000298,APP0002634,Login,13,Tier 2
TCK00000299,APP0002639,Other,21,Tier 2
TCK00000300,APP0002642,Status Inquiry,2,Tier 1
TCK00000301,APP0002645,Other,18,Tier 2
TCK00000302,APP0002647,Upload,14,Tier 2
TCK00000303,APP0002672,Upload,17,Tier 1
TCK00000304,APP0002678,Upload,21,Tier 1
TCK00000305,APP0002693,Upload,18,Tier 1
TCK00000306,APP0002698,Login,6,Tier 2
TCK00000307,APP0002708,Upload,14,Tier 1
TCK00000308,APP0002712,Status Inquiry,11,Tier 1
TCK00000309,APP0002720,Upload,17,Tier 1
TCK00000310,APP0002734,Other,20,Tier 2
TCK00000311,APP0002737,Other,10,Tier 3
TCK00000312,APP0002755,Login,23,Tier 1
TCK00000313,APP0002756,Upload,28,Tier 1
TCK00000314,APP0002764,Status Inquiry,15,Tier 1
TCK00000315,APP0002767,Upload,23,Tier 1
TCK00000316,APP0002771,Other,6,Tier 1
TCK00000317,APP0002777,Upload,13,Tier 1
TCK00000318,APP0002779,Status Inquiry,25,Tier 1
TCK00000319,APP0002792,Upload,3,Tier 1
TCK00000320,APP0002803,Status Inquiry,13,Tier 1
TCK00000321,APP0002807,Login,10,Tier 2
TCK00000322,APP0002839,Status Inquiry,27,Tier 1
TCK00000323,APP0002850,Status Inquiry,27,Tier 2
TCK00000324,APP0002851,Upload,12,Tier 1
TCK00000325,APP0002853,Upload,18,Tier 3
TCK00000326,APP0002858,Upload,1,Tier 1
TCK00000327,APP0002867,Login,24,Tier 1
TCK00000328,APP0002868,Upload,20,Tier 2
TCK00000329,APP0002876,Upload,28,Tier 1
TCK00000330,APP0002879,Upload,1,Tier 2
TCK00000331,APP0002880,Upload,20,Tier 1
TCK00000332,APP0002881,Status Inquiry,15,Tier 2
TCK00000333,APP0002887,Login,1,Tier 1
TCK00000334,APP0002912,Status Inquiry,12,Tier 1
TCK00000335,APP0002916,Status Inquiry,17,Tier 1
TCK00000336,APP0002932,Upload,24,Tier 1
TCK00000337,APP0002938,Login,19,Tier 1
TCK00000338,APP0002941,Status Inquiry,13,Tier 1
TCK00000339,APP0002946,Status Inquiry,21,Tier 1
TCK00000340,APP0002967,Upload,17,Tier 1
TCK00000341,APP0002979,Other,12,Tier 1
TCK00000342,APP0002980,Upload,9,Tier 1
TCK00000343,APP0002984,Status Inquiry,19,Tier 1
TCK00000344,APP0002987,Status Inquiry,19,Tier 1
TCK00000345,APP0002999,Upload,32,Tier 1
TCK00000346,APP0003002,Status Inquiry,14,Tier 1
TCK00000347,APP0003010,Login,30,Tier 1
TCK00000348,APP0003014,Upload,20,Tier 1
TCK00000349,APP0003019,Upload,27,Tier 1
TCK00000350,APP0003029,Other,10,Tier 1
TCK00000351,APP0003034,Status Inquiry,10,Tier 2
TCK00000352,APP0003042,Login,15,Tier 2
TCK00000353,APP0003044,Status Inquiry,25,Tier 1
TCK00000354,APP0003046,Login,19,Tier 1
TCK00000355,APP0003049,Upload,24,Tier 1
TCK00000356,APP0003054,Other,20,Tier 1
TCK00000357,APP0003062,Upload,26,Tier 2
TCK00000358,APP0003063,Login,19,Tier 2
TCK00000359,APP0003064,Other,13,Tier 1
TCK00000360,APP0003079,Login,22,Tier 1
TCK00000361,APP0003111,Upload,18,Tier 2
TCK00000362,APP0003112,Upload,31,Tier 1
TCK00000363,APP0003143,Other,16,Tier 1
TCK00000364,APP0003151,Status Inquiry,18,Tier 1
TCK00000365,APP0003160,Status Inquiry,15,Tier 1
TCK00000366,APP0003168,Login,27,Tier 1
TCK00000367,APP0003171,Upload,24,Tier 1
TCK00000368,APP0003176,Status Inquiry,23,Tier 1
TCK00000369,APP0003184,Upload,8,Tier 1
TCK00000370,APP0003197,Login,5,Tier 2
TCK00000371,APP0003207,Status Inquiry,20,Tier 3
TCK00000372,APP0003209,Upload,23,Tier 1
TCK00000373,APP0003210,Upload,29,Tier 1
TCK00000374,APP0003216,Login,3,Tier 1
TCK00000375,APP0003227,Login,16,Tier 2
TCK00000376,APP0003237,Upload,4,Tier 1
TCK00000377,APP0003241,Status Inquiry,10,Tier 1
TCK00000378,APP0003254,Status Inquiry,16,Tier 1
TCK00000379,APP0003255,Other,25,Tier 2
TCK00000380,APP0003263,Upload,13,Tier 1
TCK00000381,APP0003267,Status Inquiry,12,Tier 1
TCK00000382,APP0003268,Upload,15,Tier 1
TCK00000383,APP0003274,Status Inquiry,28,Tier 2
TCK00000384,APP0003281,Upload,37,Tier 1
TCK00000385,APP0003293,Login,5,Tier 2
TCK00000386,APP0003296,Login,15,Tier 1
TCK00000387,APP0003297,Login,14,Tier 1
TCK00000388,APP0003319,Status Inquiry,27,Tier 1
TCK00000389,APP0003333,Login,21,Tier 1
TCK00000390,APP0003340,Upload,30,Tier 2
TCK00000391,APP0003343,Upload,9,Tier 2
TCK00000392,APP0003350,Status Inquiry,18,Tier 1
TCK00000393,APP0003359,Upload,14,Tier 1
TCK00000394,APP0003375,Login,9,Tier 1
TCK00000395,APP0003378,Upload,16,Tier 1
TCK00000396,APP0003395,Login,8,Tier 2
TCK00000397,APP0003397,Status Inquiry,35,Tier 1
TCK00000398,APP0003406,Upload,21,Tier 2
TCK00000399,APP0003417,Status Inquiry,9,Tier 1
TCK00000400,APP0003419,Login,13,Tier 2
TCK00000401,APP0003427,Status Inquiry,31,Tier 2
TCK00000402,APP0003434,Upload,14,Tier 1
TCK00000403,APP0003437,Other,23,Tier 1
TCK00000404,APP0003466,Other,22,Tier 1
TCK00000405,APP0003477,Login,26,Tier 1
TCK00000406,APP0003478,Status Inquiry,23,Tier 1
TCK00000407,APP0003494,Upload,16,Tier 1
TCK00000408,APP0003516,Status Inquiry,13,Tier 1
TCK00000409,APP0003521,Login,3,Tier 1
TCK00000410,APP0003522,Upload,17,Tier 1
TCK00000411,APP0003525,Status Inquiry,19,Tier 1
TCK00000412,APP0003554,Upload,15,Tier 1
TCK00000413,APP0003569,Upload,16,Tier 1
TCK00000414,APP0003576,Status Inquiry,8,Tier 2
TCK00000415,APP0003580,Other,35,Tier 2
TCK00000416,APP0003606,Upload,13,Tier 1
TCK00000417,APP0003608,Login,9,Tier 1
TCK00000418,APP0003615,Upload,13,Tier 1
TCK00000419,APP0003623,Upload,16,Tier 2
TCK00000420,APP0003633,Upload,23,Tier 1
TCK00000421,APP0003643,Other,1,Tier 2
TCK00000422,APP0003645,Login,22,Tier 2
TCK00000423,APP0003650,Login,13,Tier 1
TCK00000424,APP0003658,Login,16,Tier 1
TCK00000425,APP0003679,Upload,26,Tier 1
TCK00000426,APP0003680,Upload,24,Tier 1
TCK00000427,APP0003703,Upload,12,Tier 1
TCK00000428,APP0003704,Status Inquiry,17,Tier 1
TCK00000429,APP0003708,Upload,32,Tier 2
TCK00000430,APP0003710,Login,28,Tier 1
TCK00000431,APP0003716,Other,24,Tier 1
TCK00000432,APP0003730,Login,18,Tier 1
TCK00000433,APP0003772,Upload,25,Tier 1
TCK00000434,APP0003781,Login,21,Tier 1
TCK00000435,APP0003785,Status Inquiry,13,Tier 1
TCK00000436,APP0003791,Login,10,Tier 2
TCK00000437,APP0003796,Status Inquiry,22,Tier 1
TCK00000438,APP0003800,Upload,21,Tier 1
TCK00000439,APP0003821,Status Inquiry,27,Tier 1
TCK00000440,APP0003834,Upload,14,Tier 1
TCK00000441,APP0003847,Status Inquiry,29,Tier 2
TCK00000442,APP0003860,Login,15,Tier 1
TCK00000443,APP0003865,Upload,28,Tier 2
TCK00000444,APP0003874,Upload,22,Tier 1
TCK00000445,APP0003886,Upload,13,Tier 2
TCK00000446,APP0003891,Login,10,Tier 1
TCK00000447,APP0003901,Upload,17,Tier 2
TCK00000448,APP0003906,Other,15,Tier 1
TCK00000449,APP0003914,Login,25,Tier 1
TCK00000450,APP0003915,Upload,12,Tier 2
TCK00000451,APP0003958,Other,6,Tier 1
TCK00000452,APP0003996,Upload,17,Tier 1
TCK00000453,APP0003998,Upload,33,Tier 3
TCK00000454,APP0004005,Upload,31,Tier 1
TCK00000455,APP0004008,Login,13,Tier 1
TCK00000456,APP0004024,Login,15,Tier 1
TCK00000457,APP0004025,Status Inquiry,20,Tier 1
TCK00000458,APP0004027,Upload,12,Tier 3
TCK00000459,APP0004082,Login,16,Tier 1
TCK00000460,APP0004092,Upload,15,Tier 1
TCK00000461,APP0004102,Other,9,Tier 1
TCK00000462,APP0004108,Login,13,Tier 1
TCK00000463,APP0004124,Status Inquiry,14,Tier 2
TCK00000464,APP0004128,Other,19,Tier 1
TCK00000465,APP0004135,Upload,8,Tier 1
TCK00000466,APP0004143,Login,18,Tier 1
TCK00000467,APP0004148,Upload,10,Tier 1
TCK00000468,APP0004152,Status Inquiry,11,Tier 2
TCK00000469,APP0004181,Status Inquiry,9,Tier 1
TCK00000470,APP0004198,Status Inquiry,50,Tier 1
TCK00000471,APP0004217,Upload,28,Tier 1
TCK00000472,APP0004219,Login,28,Tier 1
TCK00000473,APP0004228,Login,24,Tier 1
TCK00000474,APP0004230,Status Inquiry,16,Tier 1
TCK00000475,APP0004251,Upload,18,Tier 1
TCK00000476,APP0004258,Other,20,Tier 1
TCK00000477,APP0004259,Status Inquiry,21,Tier 1
TCK00000478,APP0004277,Status Inquiry,22,Tier 2
TCK00000479,APP0004286,Upload,30,Tier 2
TCK00000480,APP0004291,Status Inquiry,1,Tier 1
TCK00000481,APP0004310,Login,13,Tier 1
TCK00000482,APP0004317,Upload,23,Tier 2
TCK00000483,APP0004334,Status Inquiry,15,Tier 2
TCK00000484,APP0004338,Upload,16,Tier 1
TCK00000485,APP0004341,Login,29,Tier 2
TCK00000486,APP0004348,Upload,19,Tier 1
TCK00000487,APP0004353,Login,32,Tier 1
TCK00000488,APP0004376,Status Inquiry,17,Tier 2
TCK00000489,APP0004378,Login,19,Tier 2
TCK00000490,APP0004404,Status Inquiry,9,Tier 1
TCK00000491,APP0004412,Login,2,Tier 2
TCK00000492,APP0004422,Login,14,Tier 1
TCK00000493,APP0004427,Login,18,Tier 1
TCK00000494,APP0004446,Upload,15,Tier 2
TCK00000495,APP0004455,Status Inquiry,7,Tier 1
TCK00000496,APP0004459,Other,23,Tier 1
TCK00000497,APP0004461,Upload,18,Tier 1
TCK00000498,APP0004491,Status Inquiry,18,Tier 2
TCK00000499,APP0004496,Status Inquiry,11,Tier 1
TCK00000500,APP0004500,Other,31,Tier 3
TCK00000501,APP0004504,Login,29,Tier 1
TCK00000502,APP0004507,Upload,20,Tier 1
TCK00000503,APP0004509,Upload,17,Tier 1
TCK00000504,APP0004511,Status Inquiry,20,Tier 1
TCK00000505,APP0004514,Other,31,Tier 2
TCK00000506,APP0004515,Status Inquiry,40,Tier 1
TCK00000507,APP0004533,Other,18,Tier 2
TCK00000508,APP0004540,Login,14,Tier 1
TCK00000509,APP0004576,Login,3,Tier 1
TCK00000510,APP0004577,Login,40,Tier 1
TCK00000511,APP0004580,Upload,9,Tier 2
TCK00000512,APP0004586,Upload,24,Tier 1
TCK00000513,APP0004603,Upload,22,Tier 1
TCK00000514,APP0004611,Login,28,Tier 2
TCK00000515,APP0004614,Upload,11,Tier 1
TCK00000516,APP0004621,Status Inquiry,5,Tier 1
TCK00000517,APP0004622,Status Inquiry,19,Tier 2
TCK00000518,APP0004632,Login,21,Tier 2
TCK00000519,APP0004633,Other,27,Tier 2
TCK00000520,APP0004635,Upload,4,Tier 1
TCK00000521,APP0004642,Upload,14,Tier 1
TCK00000522,APP0004660,Other,15,Tier 3
TCK00000523,APP0004711,Login,7,Tier 1
TCK00000524,APP0004726,Upload,16,Tier 1
TCK00000525,APP0004730,Upload,24,Tier 2
TCK00000526,APP0004741,Login,17,Tier 1
TCK00000527,APP0004742,Login,6,Tier 3
TCK00000528,APP0004771,Login,20,Tier 2
TCK00000529,APP0004774,Upload,24,Tier 2
TCK00000530,APP0004798,Login,22,Tier 1
TCK00000531,APP0004800,Login,24,Tier 2
TCK00000532,APP0004806,Other,4,Tier 2
TCK00000533,APP0004811,Upload,21,Tier 2
TCK00000534,APP0004812,Upload,22,Tier 3
TCK00000535,APP0004819,Other,15,Tier 2
TCK00000536,APP0004849,Status Inquiry,17,Tier 1
TCK00000537,APP0004856,Upload,11,Tier 2
TCK00000538,APP0004866,Status Inquiry,27,Tier 1
TCK00000539,APP0004878,Login,15,Tier 1
TCK00000540,APP0004906,Upload,10,Tier 1
TCK00000541,APP0004911,Other,19,Tier 2
TCK00000542,APP0004930,Upload,18,Tier 1
TCK00000543,APP0004946,Login,23,Tier 1
TCK00000544,APP0004950,Login,11,Tier 1
TCK00000545,APP0004957,Other,12,Tier 2
TCK00000546,APP0004989,Upload,21,Tier 2
TCK00000547,APP0005000,Status Inquiry,35,Tier 1
TCK00000548,APP0005005,Upload,21,Tier 2
TCK00000549,APP0005014,Upload,7,Tier 1
TCK00000550,APP0005029,Login,19,Tier 2
TCK00000551,APP0005038,Status Inquiry,11,Tier 1
TCK00000552,APP0005040,Status Inquiry,3,Tier 1
TCK00000553,APP0005050,Other,12,Tier 1
TCK00000554,APP0005067,Upload,13,Tier 2
TCK00000555,APP0005083,Status Inquiry,21,Tier 1
TCK00000556,APP0005099,Login,28,Tier 2
TCK00000557,APP0005105,Status Inquiry,27,Tier 1
TCK00000558,APP0005116,Status Inquiry,24,Tier 2
TCK00000559,APP0005129,Status Inquiry,14,Tier 1
TCK00000560,APP0005137,Upload,19,Tier 1
TCK00000561,APP0005149,Login,17,Tier 1
TCK00000562,APP0005151,Status Inquiry,29,Tier 3
TCK00000563,APP0005155,Status Inquiry,12,Tier 1
TCK00000564,APP0005158,Upload,13,Tier 1
TCK00000565,APP0005161,Login,30,Tier 1
TCK00000566,APP0005167,Upload,22,Tier 1
TCK00000567,APP0005169,Login,14,Tier 1
TCK00000568,APP0005189,Status Inquiry,19,Tier 3
TCK00000569,APP0005190,Status Inquiry,19,Tier 1
TCK00000570,APP0005195,Status Inquiry,19,Tier 2
TCK00000571,APP0005198,Status Inquiry,24,Tier 1
TCK00000572,APP0005204,Other,20,Tier 1
TCK00000573,APP0005206,Other,16,Tier 1
TCK00000574,APP0005209,Login,13,Tier 2
TCK00000575,APP0005214,Login,4,Tier 1
TCK00000576,APP0005232,Other,14,Tier 1
TCK00000577,APP0005233,Upload,27,Tier 1
TCK00000578,APP0005235,Status Inquiry,19,Tier 1
TCK00000579,APP0005245,Upload,12,Tier 1
TCK00000580,APP0005249,Status Inquiry,16,Tier 1
TCK00000581,APP0005269,Status Inquiry,11,Tier 2
TCK00000582,APP0005272,Upload,20,Tier 1
TCK00000583,APP0005286,Status Inquiry,34,Tier 1
TCK00000584,APP0005308,Login,32,Tier 2
TCK00000585,APP0005337,Login,27,Tier 1
TCK00000586,APP0005340,Upload,24,Tier 1
TCK00000587,APP0005342,Other,16,Tier 2
TCK00000588,APP0005344,Other,8,Tier 2
TCK00000589,APP0005356,Login,18,Tier 1
TCK00000590,APP0005358,Upload,14,Tier 1
TCK00000591,APP0005376,Login,24,Tier 1
TCK00000592,APP0005378,Status Inquiry,19,Tier 1
TCK00000593,APP0005389,Upload,13,Tier 1
TCK00000594,APP0005399,Upload,21,Tier 2
TCK00000595,APP0005400,Upload,41,Tier 1
TCK00000596,APP0005410,Upload,10,Tier 1
TCK00000597,APP0005425,Upload,27,Tier 1
TCK00000598,APP0005444,Login,22,Tier 2
TCK00000599,APP0005450,Login,17,Tier 1
TCK00000600,APP0005455,Upload,12,Tier 1
TCK00000601,APP0005461,Login,18,Tier 1
TCK00000602,APP0005466,Other,19,Tier 1
TCK00000603,APP0005469,Login,24,Tier 2
TCK00000604,APP0005472,Status Inquiry,23,Tier 2
TCK00000605,APP0005478,Upload,20,Tier 1
TCK00000606,APP0005483,Other,12,Tier 3
TCK00000607,APP0005490,Login,20,Tier 2
TCK00000608,APP0005496,Upload,14,Tier 1
TCK00000609,APP0005508,Status Inquiry,9,Tier 1
TCK00000610,APP0005509,Login,25,Tier 1
TCK00000611,APP0005526,Upload,12,Tier 1
TCK00000612,APP0005534,Upload,8,Tier 3
TCK00000613,APP0005535,Status Inquiry,18,Tier 1
TCK00000614,APP0005550,Upload,2,Tier 2
TCK00000615,APP0005564,Upload,17,Tier 1
TCK00000616,APP0005573,Login,21,Tier 2
TCK00000617,APP0005574,Status Inquiry,14,Tier 1
TCK00000618,APP0005591,Other,19,Tier 1
TCK00000619,APP0005596,Status Inquiry,35,Tier 2
TCK00000620,APP0005599,Status Inquiry,29,Tier 2
TCK00000621,APP0005603,Status Inquiry,25,Tier 1
TCK00000622,APP0005615,Login,22,Tier 1
TCK00000623,APP0005618,Other,13,Tier 2
TCK00000624,APP0005623,Login,16,Tier 1
TCK00000625,APP0005629,Upload,15,Tier 1
TCK00000626,APP0005632,Status Inquiry,18,Tier 1
TCK00000627,APP0005640,Status Inquiry,18,Tier 1
TCK00000628,APP0005650,Login,11,Tier 1
TCK00000629,APP0005655,Upload,30,Tier 2
TCK00000630,APP0005662,Upload,9,Tier 2
TCK00000631,APP0005675,Upload,20,Tier 1
TCK00000632,APP0005685,Login,26,Tier 1
TCK00000633,APP0005691,Upload,17,Tier 2
TCK00000634,APP0005692,Status Inquiry,12,Tier 2
TCK00000635,APP0005697,Upload,18,Tier 1
TCK00000636,APP0005719,Upload,33,Tier 2
TCK00000637,APP0005724,Login,23,Tier 2
TCK00000638,APP0005732,Login,15,Tier 2
TCK00000639,APP0005742,Other,22,Tier 1
TCK00000640,APP0005747,Status Inquiry,16,Tier 1
TCK00000641,APP0005748,Upload,2,Tier 1
TCK00000642,APP0005755,Status Inquiry,19,Tier 1
TCK00000643,APP0005760,Status Inquiry,26,Tier 2
TCK00000644,APP0005765,Upload,27,Tier 1
TCK00000645,APP0005766,Login,17,Tier 2
TCK00000646,APP0005769,Login,6,Tier 1
TCK00000647,APP0005770,Status Inquiry,27,Tier 1
TCK00000648,APP0005782,Status Inquiry,16,Tier 1
TCK00000649,APP0005794,Login,23,Tier 2
TCK00000650,APP0005797,Status Inquiry,27,Tier 1
TCK00000651,APP0005808,Login,20,Tier 1
TCK00000652,APP0005832,Status Inquiry,17,Tier 2
TCK00000653,APP0005835,Upload,12,Tier 2
TCK00000654,APP0005839,Upload,14,Tier 2
TCK00000655,APP0005852,Other,18,Tier 1
TCK00000656,APP0005877,Status Inquiry,14,Tier 1
TCK00000657,APP0005888,Upload,20,Tier 2
TCK00000658,APP0005890,Status Inquiry,2,Tier 2
TCK00000659,APP0005913,Upload,9,Tier 1
TCK00000660,APP0005914,Upload,17,Tier 2
TCK00000661,APP0005917,Status Inquiry,12,Tier 2
TCK00000662,APP0005921,Status Inquiry,13,Tier 2
TCK00000663,APP0005935,Status Inquiry,8,Tier 2
TCK00000664,APP0005941,Upload,23,Tier 1
TCK00000665,APP0005984,Other,30,Tier 2
TCK00000666,APP0005985,Status Inquiry,9,Tier 1
TCK00000667,APP0005990,Login,27,Tier 1
TCK00000668,APP0006000,Status Inquiry,6,Tier 1
TCK00000669,APP0006003,Upload,18,Tier 1
TCK00000670,APP0006013,Login,1,Tier 1
TCK00000671,APP0006020,Status Inquiry,21,Tier 1
TCK00000672,APP0006039,Login,18,Tier 2
TCK00000673,APP0006043,Status Inquiry,18,Tier 1
TCK00000674,APP0006057,Status Inquiry,27,Tier 2
TCK00000675,APP0006065,Status Inquiry,22,Tier 1
TCK00000676,APP0006069,Upload,17,Tier 1
TCK00000677,APP0006070,Upload,11,Tier 2
TCK00000678,APP0006074,Status Inquiry,18,Tier 1
TCK00000679,APP0006090,Login,12,Tier 1
TCK00000680,APP0006095,Login,14,Tier 1
TCK00000681,APP0006144,Status Inquiry,29,Tier 1
TCK00000682,APP0006190,Status Inquiry,24,Tier 2
TCK00000683,APP0006194,Upload,20,Tier 1
TCK00000684,APP0006208,Other,22,Tier 1
TCK00000685,APP0006214,Other,6,Tier 3
TCK00000686,APP0006216,Upload,18,Tier 3
TCK00000687,APP0006217,Upload,4,Tier 2
TCK00000688,APP0006221,Status Inquiry,12,Tier 1
TCK00000689,APP0006227,Status Inquiry,20,Tier 2
TCK00000690,APP0006228,Other,20,Tier 1
TCK00000691,APP0006231,Login,23,Tier 1
TCK00000692,APP0006233,Other,18,Tier 1
TCK00000693,APP0006238,Upload,18,Tier 2
TCK00000694,APP0006246,Upload,17,Tier 2
TCK00000695,APP0006250,Upload,28,Tier 1
TCK00000696,APP0006253,Login,28,Tier 2
TCK00000697,APP0006257,Upload,5,Tier 2
TCK00000698,APP0006263,Status Inquiry,18,Tier 1
TCK00000699,APP0006265,Upload,27,Tier 1
TCK00000700,APP0006269,Status Inquiry,15,Tier 1
TCK00000701,APP0006275,Status Inquiry,19,Tier 3
TCK00000702,APP0006291,Upload,12,Tier 2
TCK00000703,APP0006296,Upload,7,Tier 3
TCK00000704,APP0006297,Upload,18,Tier 1
TCK00000705,APP0006309,Status Inquiry,14,Tier 2
TCK00000706,APP0006326,Upload,16,Tier 1
TCK00000707,APP0006348,Login,5,Tier 2
TCK00000708,APP0006352,Upload,8,Tier 2
TCK00000709,APP0006355,Upload,16,Tier 1
TCK00000710,APP0006358,Status Inquiry,13,Tier 1
TCK00000711,APP0006366,Status Inquiry,21,Tier 2
TCK00000712,APP0006373,Upload,8,Tier 1
TCK00000713,APP0006374,Upload,22,Tier 1
TCK00000714,APP0006375,Other,21,Tier 1
TCK00000715,APP0006389,Status Inquiry,17,Tier 1
TCK00000716,APP0006393,Status Inquiry,22,Tier 1
TCK00000717,APP0006427,Login,16,Tier 1
TCK00000718,APP0006438,Other,15,Tier 2
TCK00000719,APP0006477,Upload,16,Tier 2
TCK00000720,APP0006478,Upload,6,Tier 1
TCK00000721,APP0006499,Login,16,Tier 2
TCK00000722,APP0006507,Status Inquiry,23,Tier 1
TCK00000723,APP0006516,Status Inquiry,3,Tier 1
TCK00000724,APP0006519,Upload,22,Tier 1
TCK00000725,APP0006526,Status Inquiry,11,Tier 2
TCK00000726,APP0006527,Status Inquiry,13,Tier 2
TCK00000727,APP0006542,Upload,17,Tier 1
TCK00000728,APP0006545,Status Inquiry,18,Tier 1
TCK00000729,APP0006561,Login,27,Tier 2
TCK00000730,APP0006581,Upload,15,Tier 1
TCK00000731,APP0006599,Upload,30,Tier 1
TCK00000732,APP0006605,Status Inquiry,17,Tier 1
TCK00000733,APP0006615,Status Inquiry,20,Tier 1
TCK00000734,APP0006625,Upload,22,Tier 1
TCK00000735,APP0006632,Login,11,Tier 1
TCK00000736,APP0006633,Login,7,Tier 2
TCK00000737,APP0006636,Status Inquiry,17,Tier 1
TCK00000738,APP0006661,Status Inquiry,22,Tier 2
TCK00000739,APP0006667,Login,23,Tier 2
TCK00000740,APP0006671,Status Inquiry,14,Tier 1
TCK00000741,APP0006674,Upload,31,Tier 1
TCK00000742,APP0006679,Status Inquiry,16,Tier 1
TCK00000743,APP0006682,Login,11,Tier 2
TCK00000744,APP0006717,Upload,26,Tier 1
TCK00000745,APP0006720,Other,27,Tier 1
TCK00000746,APP0006724,Login,9,Tier 1
TCK00000747,APP0006728,Login,24,Tier 2
TCK00000748,APP0006731,Upload,7,Tier 2
TCK00000749,APP0006732,Upload,17,Tier 2
TCK00000750,APP0006736,Login,35,Tier 1
TCK00000751,APP0006746,Login,28,Tier 1
TCK00000752,APP0006753,Upload,23,Tier 1
TCK00000753,APP0006754,Login,23,Tier 3
TCK00000754,APP0006763,Login,11,Tier 2
TCK00000755,APP0006781,Upload,20,Tier 1
TCK00000756,APP0006797,Login,21,Tier 3
TCK00000757,APP0006798,Other,9,Tier 1
TCK00000758,APP0006804,Login,19,Tier 1
TCK00000759,APP0006806,Status Inquiry,22,Tier 1
TCK00000760,APP0006808,Login,19,Tier 1
TCK00000761,APP0006817,Other,21,Tier 1
TCK00000762,APP0006821,Status Inquiry,16,Tier 1
TCK00000763,APP0006829,Login,9,Tier 1
TCK00000764,APP0006837,Upload,18,Tier 1
TCK00000765,APP0006850,Upload,2,Tier 1
TCK00000766,APP0006863,Login,12,Tier 1
TCK00000767,APP0006874,Status Inquiry,27,Tier 1
TCK00000768,APP0006887,Upload,32,Tier 2
TCK00000769,APP0006890,Status Inquiry,21,Tier 1
TCK00000770,APP0006895,Login,1,Tier 1
TCK00000771,APP0006915,Upload,29,Tier 2
TCK00000772,APP0006916,Upload,22,Tier 1
TCK00000773,APP0006929,Status Inquiry,16,Tier 1
TCK00000774,APP0006931,Upload,24,Tier 1
TCK00000775,APP0006933,Login,22,Tier 2
TCK00000776,APP0006935,Upload,8,Tier 3
TCK00000777,APP0006936,Login,8,Tier 1
TCK00000778,APP0006950,Other,26,Tier 1
TCK00000779,APP0006959,Upload,1,Tier 1
TCK00000780,APP0006965,Status Inquiry,23,Tier 1
TCK00000781,APP0006978,Upload,20,Tier 1
TCK00000782,APP0007003,Other,26,Tier 1
TCK00000783,APP0007004,Upload,32,Tier 1
TCK00000784,APP0007007,Login,29,Tier 1
TCK00000785,APP0007020,Login,30,Tier 1
TCK00000786,APP0007023,Upload,25,Tier 1
TCK00000787,APP0007026,Login,22,Tier 2
TCK00000788,APP0007033,Status Inquiry,27,Tier 1
TCK00000789,APP0007043,Login,18,Tier 1
TCK00000790,APP0007045,Upload,11,Tier 2
TCK00000791,APP0007048,Upload,17,Tier 2
TCK00000792,APP0007084,Other,5,Tier 1
TCK00000793,APP0007094,Upload,14,Tier 1
TCK00000794,APP0007095,Status Inquiry,35,Tier 2
TCK00000795,APP0007099,Upload,22,Tier 1
TCK00000796,APP0007107,Status Inquiry,17,Tier 1
TCK00000797,APP0007116,Status Inquiry,13,Tier 2
TCK00000798,APP0007118,Upload,4,Tier 1
TCK00000799,APP0007142,Other,14,Tier 2
TCK00000800,APP0007151,Status Inquiry,12,Tier 1
TCK00000801,APP0007160,Upload,18,Tier 1
TCK00000802,APP0007164,Status Inquiry,19,Tier 2
TCK00000803,APP0007184,Login,17,Tier 1
TCK00000804,APP0007186,Login,3,Tier 1
TCK00000805,APP0007199,Status Inquiry,30,Tier 2
TCK00000806,APP0007229,Upload,21,Tier 1
TCK00000807,APP0007239,Other,18,Tier 1
TCK00000808,APP0007242,Login,15,Tier 2
TCK00000809,APP0007245,Upload,21,Tier 1
TCK00000810,APP0007251,Login,28,Tier 1
TCK00000811,APP0007262,Status Inquiry,23,Tier 2
TCK00000812,APP0007272,Status Inquiry,9,Tier 3
TCK00000813,APP0007274,Upload,8,Tier 1
TCK00000814,APP0007275,Login,1,Tier 1
TCK00000815,APP0007276,Other,19,Tier 1
TCK00000816,APP0007280,Status Inquiry,23,Tier 1
TCK00000817,APP0007287,Status Inquiry,27,Tier 1
TCK00000818,APP0007289,Status Inquiry,19,Tier 1
TCK00000819,APP0007311,Login,24,Tier 1
TCK00000820,APP0007319,Login,10,Tier 1
TCK00000821,APP0007321,Status Inquiry,22,Tier 1
TCK00000822,APP0007331,Upload,17,Tier 1
TCK00000823,APP0007333,Status Inquiry,12,Tier 1
TCK00000824,APP0007342,Status Inquiry,4,Tier 1
TCK00000825,APP0007343,Other,27,Tier 3
TCK00000826,APP0007350,Other,1,Tier 1
TCK00000827,APP0007360,Status Inquiry,23,Tier 1
TCK00000828,APP0007367,Upload,11,Tier 1
TCK00000829,APP0007372,Status Inquiry,22,Tier 2
TCK00000830,APP0007382,Status Inquiry,13,Tier 2
TCK00000831,APP0007388,Upload,24,Tier 1
TCK00000832,APP0007389,Status Inquiry,16,Tier 2
TCK00000833,APP0007394,Upload,9,Tier 3
TCK00000834,APP0007410,Login,13,Tier 1
TCK00000835,APP0007412,Upload,5,Tier 1
TCK00000836,APP0007414,Login,20,Tier 1
TCK00000837,APP0007428,Other,26,Tier 3
TCK00000838,APP0007429,Login,21,Tier 2
TCK00000839,APP0007431,Upload,18,Tier 1
TCK00000840,APP0007442,Upload,28,Tier 1
TCK00000841,APP0007462,Login,8,Tier 1
TCK00000842,APP0007466,Upload,22,Tier 2
TCK00000843,APP0007474,Upload,18,Tier 1
TCK00000844,APP0007476,Login,14,Tier 1
TCK00000845,APP0007479,Login,22,Tier 2
TCK00000846,APP0007490,Upload,8,Tier 1
TCK00000847,APP0007491,Upload,16,Tier 1
TCK00000848,APP0007496,Status Inquiry,20,Tier 1
TCK00000849,APP0007501,Login,8,Tier 3
TCK00000850,APP0007535,Other,16,Tier 1
TCK00000851,APP0007536,Login,22,Tier 1
TCK00000852,APP0007594,Login,25,Tier 2
TCK00000853,APP0007597,Upload,10,Tier 1
TCK00000854,APP0007603,Other,25,Tier 1
TCK00000855,APP0007605,Status Inquiry,15,Tier 3
TCK00000856,APP0007611,Login,18,Tier 1
TCK00000857,APP0007621,Upload,13,Tier 1
TCK00000858,APP0007638,Upload,24,Tier 2
TCK00000859,APP0007639,Login,12,Tier 1
TCK00000860,APP0007640,Upload,20,Tier 2
TCK00000861,APP0007641,Status Inquiry,21,Tier 1
TCK00000862,APP0007643,Status Inquiry,24,Tier 2
TCK00000863,APP0007657,Upload,9,Tier 1
TCK00000864,APP0007668,Upload,24,Tier 1
TCK00000865,APP0007669,Upload,18,Tier 1
TCK00000866,APP0007674,Upload,29,Tier 1
TCK00000867,APP0007683,Login,15,Tier 1
TCK00000868,APP0007684,Login,13,Tier 2
TCK00000869,APP0007703,Login,17,Tier 2
TCK00000870,APP0007704,Status Inquiry,15,Tier 1
TCK00000871,APP0007714,Status Inquiry,16,Tier 1
TCK00000872,APP0007718,Status Inquiry,7,Tier 1
TCK00000873,APP0007721,Upload,1,Tier 2
TCK00000874,APP0007745,Upload,6,Tier 1
TCK00000875,APP0007747,Other,13,Tier 2
TCK00000876,APP0007748,Upload,21,Tier 1
TCK00000877,APP0007752,Status Inquiry,15,Tier 2
TCK00000878,APP0007759,Login,10,Tier 2
TCK00000879,APP0007760,Status Inquiry,16,Tier 1
TCK00000880,APP0007762,Login,18,Tier 1
TCK00000881,APP0007770,Status Inquiry,40,Tier 1
TCK00000882,APP0007774,Upload,28,Tier 2
TCK00000883,APP0007789,Status Inquiry,19,Tier 1
TCK00000884,APP0007790,Status Inquiry,6,Tier 1
TCK00000885,APP0007800,Login,16,Tier 2
TCK00000886,APP0007806,Upload,15,Tier 1
TCK00000887,APP0007814,Login,22,Tier 1
TCK00000888,APP0007821,Upload,34,Tier 1
TCK00000889,APP0007830,Upload,17,Tier 1
TCK00000890,APP0007839,Upload,2,Tier 1
TCK00000891,APP0007846,Login,17,Tier 2
TCK00000892,APP0007850,Upload,4,Tier 1
TCK00000893,APP0007851,Upload,24,Tier 2
TCK00000894,APP0007856,Status Inquiry,26,Tier 2
TCK00000895,APP0007858,Upload,20,Tier 1
TCK00000896,APP0007862,Status Inquiry,6,Tier 2
TCK00000897,APP0007863,Upload,16,Tier 1
TCK00000898,APP0007864,Status Inquiry,27,Tier 1
TCK00000899,APP0007865,Status Inquiry,9,Tier 1
TCK00000900,APP0007872,Login,13,Tier 2
TCK00000901,APP0007882,Status Inquiry,20,Tier 1
TCK00000902,APP0007884,Upload,21,Tier 1
TCK00000903,APP0007894,Status Inquiry,18,Tier 1
TCK00000904,APP0007903,Upload,20,Tier 1
TCK00000905,APP0007905,Status Inquiry,19,Tier 2
TCK00000906,APP0007914,Upload,13,Tier 2
TCK00000907,APP0007916,Login,17,Tier 1
TCK00000908,APP0007920,Upload,20,Tier 1
TCK00000909,APP0007924,Login,9,Tier 1
TCK00000910,APP0007935,Status Inquiry,19,Tier 1
TCK00000911,APP0007946,Status Inquiry,18,Tier 1
TCK00000912,APP0007948,Login,21,Tier 1
TCK00000913,APP0007971,Status Inquiry,20,Tier 1
TCK00000914,APP0007975,Upload,9,Tier 2
TCK00000915,APP0007992,Status Inquiry,7,Tier 1
TCK00000916,APP0007996,Status Inquiry,20,Tier 1
TCK00000917,APP0008000,Upload,16,Tier 1
TCK00000918,APP0008005,Status Inquiry,18,Tier 1
TCK00000919,APP0008037,Login,13,Tier 2
TCK00000920,APP0008045,Other,7,Tier 2
TCK00000921,APP0008056,Upload,20,Tier 1
TCK00000922,APP0008062,Other,16,Tier 1
TCK00000923,APP0008076,Login,22,Tier 2
TCK00000924,APP0008083,Status Inquiry,26,Tier 1
TCK00000925,APP0008097,Upload,26,Tier 1
TCK00000926,APP0008105,Status Inquiry,25,Tier 1
TCK00000927,APP0008108,Status Inquiry,10,Tier 2
TCK00000928,APP0008124,Status Inquiry,1,Tier 2
TCK00000929,APP0008161,Status Inquiry,13,Tier 1
TCK00000930,APP0008168,Login,8,Tier 2
TCK00000931,APP0008175,Login,7,Tier 1
TCK00000932,APP0008183,Status Inquiry,23,Tier 1
TCK00000933,APP0008193,Status Inquiry,5,Tier 1
TCK00000934,APP0008194,Status Inquiry,25,Tier 1
TCK00000935,APP0008214,Status Inquiry,26,Tier 1
TCK00000936,APP0008218,Other,39,Tier 1
TCK00000937,APP0008225,Upload,26,Tier 1
TCK00000938,APP0008232,Upload,34,Tier 1
TCK00000939,APP0008243,Login,12,Tier 2
TCK00000940,APP0008246,Status Inquiry,12,Tier 1
TCK00000941,APP0008277,Login,25,Tier 2
TCK00000942,APP0008280,Status Inquiry,7,Tier 1
TCK00000943,APP0008284,Status Inquiry,27,Tier 1
TCK00000944,APP0008287,Status Inquiry,15,Tier 1
TCK00000945,APP0008318,Upload,2,Tier 1
TCK00000946,APP0008324,Login,32,Tier 2
TCK00000947,APP0008333,Status Inquiry,8,Tier 2
TCK00000948,APP0008353,Other,37,Tier 1
TCK00000949,APP0008360,Login,6,Tier 1
TCK00000950,APP0008362,Other,11,Tier 1
TCK00000951,APP0008379,Status Inquiry,19,Tier 1
TCK00000952,APP0008384,Status Inquiry,18,Tier 3
TCK00000953,APP0008388,Status Inquiry,5,Tier 2
TCK00000954,APP0008393,Status Inquiry,18,Tier 1
TCK00000955,APP0008396,Upload,19,Tier 1
TCK00000956,APP0008400,Status Inquiry,21,Tier 2
TCK00000957,APP0008403,Login,5,Tier 1
TCK00000958,APP0008411,Upload,13,Tier 1
TCK00000959,APP0008420,Upload,17,Tier 2
TCK00000960,APP0008442,Login,24,Tier 2
TCK00000961,APP0008452,Status Inquiry,19,Tier 2
TCK00000962,APP0008457,Status Inquiry,15,Tier 2
TCK00000963,APP0008463,Upload,14,Tier 2
TCK00000964,APP0008467,Upload,29,Tier 1
TCK00000965,APP0008479,Login,11,Tier 1
TCK00000966,APP0008481,Other,20,Tier 1
TCK00000967,APP0008485,Login,1,Tier 2
TCK00000968,APP0008491,Login,31,Tier 3
TCK00000969,APP0008495,Upload,21,Tier 1
TCK00000970,APP0008525,Other,3,Tier 1
TCK00000971,APP0008534,Login,22,Tier 1
TCK00000972,APP0008545,Login,29,Tier 1
TCK00000973,APP0008547,Upload,24,Tier 1
TCK00000974,APP0008550,Upload,18,Tier 3
TCK00000975,APP0008587,Status Inquiry,24,Tier 1
TCK00000976,APP0008588,Upload,12,Tier 1
TCK00000977,APP0008592,Upload,15,Tier 1
TCK00000978,APP0008629,Status Inquiry,15,Tier 1
TCK00000979,APP0008631,Login,18,Tier 1
TCK00000980,APP0008640,Login,9,Tier 1
TCK00000981,APP0008644,Status Inquiry,28,Tier 1
TCK00000982,APP0008651,Status Inquiry,16,Tier 1
TCK00000983,APP0008654,Other,9,Tier 1
TCK00000984,APP0008656,Status Inquiry,16,Tier 2
TCK00000985,APP0008661,Status Inquiry,20,Tier 1
TCK00000986,APP0008666,Login,18,Tier 1
TCK00000987,APP0008674,Login,26,Tier 1
TCK00000988,APP0008676,Login,15,Tier 1
TCK00000989,APP0008686,Status Inquiry,11,Tier 1
TCK00000990,APP0008688,Upload,21,Tier 1
TCK00000991,APP0008691,Login,28,Tier 1
TCK00000992,APP0008704,Other,10,Tier 1
TCK00000993,APP0008720,Upload,5,Tier 1
TCK00000994,APP0008754,Login,12,Tier 1
TCK00000995,APP0008766,Status Inquiry,17,Tier 1
TCK00000996,APP0008768,Status Inquiry,9,Tier 1
TCK00000997,APP0008796,Upload,19,Tier 1
TCK00000998,APP0008814,Login,11,Tier 1
TCK00000999,APP0008826,Status Inquiry,25,Tier 1
TCK00001000,APP0008827,Login,8,Tier 1
TCK00001001,APP0008838,Status Inquiry,10,Tier 1
TCK00001002,APP0008850,Upload,18,Tier 1
TCK00001003,APP0008857,Other,23,Tier 1
TCK00001004,APP0008865,Upload,25,Tier 3
TCK00001005,APP0008867,Status Inquiry,12,Tier 1
TCK00001006,APP0008868,Status Inquiry,18,Tier 2
TCK00001007,APP0008879,Upload,22,Tier 1
TCK00001008,APP0008880,Status Inquiry,29,Tier 1
TCK00001009,APP0008885,Upload,10,Tier 2
TCK00001010,APP0008887,Upload,7,Tier 2
TCK00001011,APP0008893,Login,21,Tier 1
TCK00001012,APP0008902,Upload,15,Tier 1
TCK00001013,APP0008910,Upload,28,Tier 1
TCK00001014,APP0008937,Upload,18,Tier 1
TCK00001015,APP0008946,Login,20,Tier 1
TCK00001016,APP0008950,Other,11,Tier 3
TCK00001017,APP0008953,Upload,20,Tier 1
TCK00001018,APP0008955,Other,27,Tier 1
TCK00001019,APP0008960,Login,15,Tier 1
TCK00001020,APP0008990,Login,8,Tier 1
TCK00001021,APP0008992,Other,24,Tier 2
TCK00001022,APP0009004,Status Inquiry,15,Tier 1
TCK00001023,APP0009023,Status Inquiry,18,Tier 1
TCK00001024,APP0009032,Upload,12,Tier 1
TCK00001025,APP0009036,Login,25,Tier 1
TCK00001026,APP0009039,Status Inquiry,11,Tier 1
TCK00001027,APP0009044,Other,13,Tier 1
TCK00001028,APP0009045,Upload,17,Tier 2
TCK00001029,APP0009049,Login,16,Tier 1
TCK00001030,APP0009051,Upload,1,Tier 2
TCK00001031,APP0009053,Other,21,Tier 2
TCK00001032,APP0009054,Login,8,Tier 1
TCK00001033,APP0009060,Upload,19,Tier 2
TCK00001034,APP0009063,Login,14,Tier 2
TCK00001035,APP0009070,Status Inquiry,16,Tier 1
TCK00001036,APP0009071,Status Inquiry,11,Tier 1
TCK00001037,APP0009073,Upload,9,Tier 2
TCK00001038,APP0009074,Status Inquiry,18,Tier 1
TCK00001039,APP0009080,Other,19,Tier 1
TCK00001040,APP0009090,Upload,25,Tier 1
TCK00001041,APP0009094,Upload,22,Tier 1
TCK00001042,APP0009115,Status Inquiry,12,Tier 1
TCK00001043,APP0009138,Login,27,Tier 2
TCK00001044,APP0009153,Status Inquiry,35,Tier 1
TCK00001045,APP0009155,Upload,23,Tier 1
TCK00001046,APP0009168,Login,16,Tier 1
TCK00001047,APP0009180,Login,10,Tier 2
TCK00001048,APP0009206,Upload,18,Tier 3
TCK00001049,APP0009219,Status Inquiry,6,Tier 2
TCK00001050,APP0009230,Upload,24,Tier 2
TCK00001051,APP0009244,Upload,14,Tier 2
TCK00001052,APP0009257,Login,13,Tier 1
TCK00001053,APP0009271,Status Inquiry,19,Tier 1
TCK00001054,APP0009274,Upload,7,Tier 2
TCK00001055,APP0009277,Login,3,Tier 1
TCK00001056,APP0009281,Upload,14,Tier 1
TCK00001057,APP0009289,Status Inquiry,27,Tier 1
TCK00001058,APP0009290,Upload,10,Tier 1
TCK00001059,APP0009302,Upload,24,Tier 2
TCK00001060,APP0009312,Upload,3,Tier 1
TCK00001061,APP0009318,Upload,17,Tier 1
TCK00001062,APP0009329,Login,21,Tier 1
TCK00001063,APP0009330,Login,32,Tier 2
TCK00001064,APP0009334,Upload,3,Tier 1
TCK00001065,APP0009373,Status Inquiry,17,Tier 2
TCK00001066,APP0009377,Status Inquiry,10,Tier 1
TCK00001067,APP0009378,Upload,20,Tier 2
TCK00001068,APP0009390,Upload,13,Tier 1
TCK00001069,APP0009392,Status Inquiry,18,Tier 1
TCK00001070,APP0009399,Upload,11,Tier 2
TCK00001071,APP0009404,Other,13,Tier 3
TCK00001072,APP0009406,Upload,20,Tier 1
TCK00001073,APP0009419,Upload,29,Tier 1
TCK00001074,APP0009422,Other,19,Tier 2
TCK00001075,APP0009426,Upload,18,Tier 2
TCK00001076,APP0009427,Status Inquiry,14,Tier 2
TCK00001077,APP0009444,Upload,30,Tier 1
TCK00001078,APP0009472,Other,2,Tier 1
TCK00001079,APP0009476,Status Inquiry,1,Tier 1
TCK00001080,APP0009483,Login,11,Tier 1
TCK00001081,APP0009485,Status Inquiry,21,Tier 1
TCK00001082,APP0009489,Login,25,Tier 1
TCK00001083,APP0009504,Upload,22,Tier 2
TCK00001084,APP0009523,Status Inquiry,23,Tier 2
TCK00001085,APP0009534,Status Inquiry,19,Tier 1
TCK00001086,APP0009539,Status Inquiry,13,Tier 1
TCK00001087,APP0009553,Upload,9,Tier 1
TCK00001088,APP0009558,Status Inquiry,21,Tier 1
TCK00001089,APP0009571,Login,10,Tier 2
TCK00001090,APP0009576,Upload,21,Tier 2
TCK00001091,APP0009581,Status Inquiry,23,Tier 1
TCK00001092,APP0009597,Other,12,Tier 1
TCK00001093,APP0009615,Upload,14,Tier 1
TCK00001094,APP0009624,Login,13,Tier 1
TCK00001095,APP0009629,Upload,23,Tier 1
TCK00001096,APP0009633,Upload,18,Tier 2
TCK00001097,APP0009658,Upload,12,Tier 1
TCK00001098,APP0009662,Login,19,Tier 2
TCK00001099,APP0009664,Login,29,Tier 2
TCK00001100,APP0009668,Upload,19,Tier 3
TCK00001101,APP0009677,Status Inquiry,18,Tier 2
TCK00001102,APP0009678,Status Inquiry,14,Tier 1
TCK00001103,APP0009690,Upload,10,Tier 1
TCK00001104,APP0009697,Status Inquiry,17,Tier 2
TCK00001105,APP0009703,Status Inquiry,18,Tier 1
TCK00001106,APP0009713,Status Inquiry,15,Tier 1
TCK00001107,APP0009720,Status Inquiry,27,Tier 2
TCK00001108,APP0009722,Upload,15,Tier 1
TCK00001109,APP0009727,Other,16,Tier 2
TCK00001110,APP0009730,Upload,19,Tier 1
TCK00001111,APP0009737,Other,21,Tier 1
TCK00001112,APP0009745,Login,3,Tier 1
TCK00001113,APP0009764,Login,19,Tier 1
TCK00001114,APP0009765,Login,27,Tier 2
TCK00001115,APP0009777,Status Inquiry,8,Tier 1
TCK00001116,APP0009782,Status Inquiry,20,Tier 1
TCK00001117,APP0009788,Login,13,Tier 1
TCK00001118,APP0009789,Upload,9,Tier 1
TCK00001119,APP0009813,Login,19,Tier 1
TCK00001120,APP0009816,Upload,16,Tier 2
TCK00001121,APP0009820,Status Inquiry,1,Tier 1
TCK00001122,APP0009826,Status Inquiry,13,Tier 1
TCK00001123,APP0009865,Status Inquiry,24,Tier 2
TCK00001124,APP0009866,Upload,13,Tier 2
TCK00001125,APP0009886,Login,11,Tier 1
TCK00001126,APP0009890,Status Inquiry,14,Tier 1
TCK00001127,APP0009907,Status Inquiry,14,Tier 1
TCK00001128,APP0009910,Upload,23,Tier 2
TCK00001129,APP0009912,Other,11,Tier 1
TCK00001130,APP0009920,Status Inquiry,8,Tier 1
TCK00001131,APP0009927,Upload,21,Tier 1
TCK00001132,APP0009929,Login,25,Tier 1
TCK00001133,APP0009930,Login,23,Tier 1
TCK00001134,APP0009936,Upload,24,Tier 1
TCK00001135,APP0009946,Upload,12,Tier 1
TCK00001136,APP0009956,Status Inquiry,6,Tier 1
TCK00001137,APP0009970,Status Inquiry,12,Tier 1
TCK00001138,APP0009977,Status Inquiry,17,Tier 1
TCK00001139,APP0009986,Status Inquiry,4,Tier 1
TCK00001140,APP0009989,Login,15,Tier 1
TCK00001141,APP0009994,Upload,22,Tier 1
TCK00001142,APP0010005,Upload,12,Tier 1
TCK00001143,APP0010009,Upload,33,Tier 1
TCK00001144,APP0010013,Other,23,Tier 1
TCK00001145,APP0010017,Login,8,Tier 1
TCK00001146,APP0010033,Login,8,Tier 2
TCK00001147,APP0010053,Upload,12,Tier 2
TCK00001148,APP0010063,Upload,23,Tier 1
TCK00001149,APP0010069,Upload,21,Tier 1
TCK00001150,APP0010073,Upload,13,Tier 1
TCK00001151,APP0010091,Status Inquiry,19,Tier 1
TCK00001152,APP0010108,Status Inquiry,24,Tier 1
TCK00001153,APP0010111,Upload,21,Tier 1
TCK00001154,APP0010115,Status Inquiry,5,Tier 1
TCK00001155,APP0010118,Upload,9,Tier 1
TCK00001156,APP0010122,Login,10,Tier 2
TCK00001157,APP0010124,Upload,4,Tier 1
TCK00001158,APP0010125,Status Inquiry,24,Tier 2
TCK00001159,APP0010126,Login,12,Tier 1
TCK00001160,APP0010144,Upload,12,Tier 1
TCK00001161,APP0010149,Login,11,Tier 1
TCK00001162,APP0010154,Status Inquiry,20,Tier 1
TCK00001163,APP0010158,Other,22,Tier 1
TCK00001164,APP0010166,Status Inquiry,23,Tier 1
TCK00001165,APP0010194,Status Inquiry,27,Tier 1
TCK00001166,APP0010221,Status Inquiry,10,Tier 1
TCK00001167,APP0010224,Status Inquiry,30,Tier 2
TCK00001168,APP0010229,Status Inquiry,37,Tier 1
TCK00001169,APP0010237,Upload,13,Tier 1
TCK00001170,APP0010270,Upload,15,Tier 1
TCK00001171,APP0010286,Upload,22,Tier 1
TCK00001172,APP0010290,Status Inquiry,27,Tier 2
TCK00001173,APP0010308,Login,15,Tier 1
TCK00001174,APP0010312,Upload,11,Tier 1
TCK00001175,APP0010313,Upload,34,Tier 1
TCK00001176,APP0010325,Upload,13,Tier 1
TCK00001177,APP0010329,Upload,1,Tier 2
TCK00001178,APP0010358,Upload,22,Tier 1
TCK00001179,APP0010360,Login,25,Tier 1
TCK00001180,APP0010369,Other,31,Tier 1
TCK00001181,APP0010382,Login,31,Tier 1
TCK00001182,APP0010389,Upload,42,Tier 1
TCK00001183,APP0010401,Login,13,Tier 2
TCK00001184,APP0010405,Login,10,Tier 2
TCK00001185,APP0010411,Upload,6,Tier 1
TCK00001186,APP0010430,Upload,31,Tier 1
TCK00001187,APP0010435,Login,14,Tier 1
TCK00001188,APP0010445,Status Inquiry,4,Tier 2
TCK00001189,APP0010446,Upload,1,Tier 2
TCK00001190,APP0010452,Status Inquiry,18,Tier 2
TCK00001191,APP0010453,Upload,14,Tier 2
TCK00001192,APP0010460,Upload,20,Tier 3
TCK00001193,APP0010463,Status Inquiry,11,Tier 1
TCK00001194,APP0010466,Login,12,Tier 1
TCK00001195,APP0010494,Upload,21,Tier 1
TCK00001196,APP0010502,Login,16,Tier 2
TCK00001197,APP0010533,Status Inquiry,22,Tier 1
TCK00001198,APP0010543,Upload,16,Tier 3
TCK00001199,APP0010555,Status Inquiry,15,Tier 1
TCK00001200,APP0010559,Other,20,Tier 1
TCK00001201,APP0010584,Other,15,Tier 1
TCK00001202,APP0010596,Status Inquiry,19,Tier 1
TCK00001203,APP0010610,Status Inquiry,21,Tier 1
TCK00001204,APP0010620,Status Inquiry,13,Tier 1
TCK00001205,APP0010624,Status Inquiry,16,Tier 1
TCK00001206,APP0010631,Status Inquiry,18,Tier 2
TCK00001207,APP0010676,Upload,23,Tier 1
TCK00001208,APP0010677,Upload,19,Tier 1
TCK00001209,APP0010680,Upload,19,Tier 2
TCK00001210,APP0010694,Status Inquiry,21,Tier 1
TCK00001211,APP0010697,Status Inquiry,15,Tier 1
TCK00001212,APP0010722,Upload,20,Tier 1
TCK00001213,APP0010724,Upload,12,Tier 2
TCK00001214,APP0010746,Upload,3,Tier 1
TCK00001215,APP0010753,Login,21,Tier 3
TCK00001216,APP0010757,Status Inquiry,2,Tier 2
TCK00001217,APP0010760,Login,16,Tier 2
TCK00001218,APP0010776,Login,30,Tier 2
TCK00001219,APP0010781,Upload,23,Tier 1
TCK00001220,APP0010790,Status Inquiry,9,Tier 2
TCK00001221,APP0010791,Upload,23,Tier 1
TCK00001222,APP0010798,Upload,19,Tier 1
TCK00001223,APP0010809,Login,11,Tier 1
TCK00001224,APP0010813,Login,17,Tier 1
TCK00001225,APP0010814,Upload,13,Tier 1
TCK00001226,APP0010847,Upload,15,Tier 2
TCK00001227,APP0010860,Status Inquiry,20,Tier 1
TCK00001228,APP0010878,Login,5,Tier 1
TCK00001229,APP0010886,Login,24,Tier 1
TCK00001230,APP0010894,Login,33,Tier 2
TCK00001231,APP0010907,Upload,16,Tier 1
TCK00001232,APP0010913,Upload,10,Tier 2
TCK00001233,APP0010918,Other,14,Tier 1
TCK00001234,APP0010919,Upload,27,Tier 1
TCK00001235,APP0010923,Status Inquiry,13,Tier 1
TCK00001236,APP0010929,Status Inquiry,21,Tier 1
TCK00001237,APP0010953,Status Inquiry,36,Tier 1
TCK00001238,APP0010956,Upload,12,Tier 1
TCK00001239,APP0010958,Status Inquiry,18,Tier 1
TCK00001240,APP0010967,Status Inquiry,13,Tier 2
TCK00001241,APP0010969,Status Inquiry,15,Tier 2
TCK00001242,APP0010997,Upload,18,Tier 1
TCK00001243,APP0011018,Status Inquiry,12,Tier 1
TCK00001244,APP0011022,Upload,21,Tier 2
TCK00001245,APP0011027,Status Inquiry,19,Tier 2
TCK00001246,APP0011058,Other,27,Tier 1
TCK00001247,APP0011065,Upload,23,Tier 1
TCK00001248,APP0011071,Status Inquiry,21,Tier 2
TCK00001249,APP0011075,Login,29,Tier 3
TCK00001250,APP0011076,Login,16,Tier 1
TCK00001251,APP0011078,Status Inquiry,23,Tier 1
TCK00001252,APP0011096,Login,12,Tier 2
TCK00001253,APP0011127,Login,29,Tier 1
TCK00001254,APP0011133,Login,12,Tier 1
TCK00001255,APP0011146,Other,25,Tier 2
TCK00001256,APP0011174,Login,12,Tier 1
TCK00001257,APP0011193,Upload,19,Tier 2
TCK00001258,APP0011211,Other,9,Tier 1
TCK00001259,APP0011222,Login,12,Tier 1
TCK00001260,APP0011225,Other,10,Tier 2
TCK00001261,APP0011232,Login,21,Tier 1
TCK00001262,APP0011244,Status Inquiry,22,Tier 2
TCK00001263,APP0011256,Login,24,Tier 1
TCK00001264,APP0011257,Login,21,Tier 1
TCK00001265,APP0011281,Upload,16,Tier 1
TCK00001266,APP0011286,Login,23,Tier 1
TCK00001267,APP0011296,Upload,30,Tier 1
TCK00001268,APP0011299,Upload,15,Tier 1
TCK00001269,APP0011301,Login,12,Tier 1
TCK00001270,APP0011305,Status Inquiry,23,Tier 1
TCK00001271,APP0011307,Other,34,Tier 1
TCK00001272,APP0011309,Status Inquiry,18,Tier 1
TCK00001273,APP0011318,Status Inquiry,16,Tier 1
TCK00001274,APP0011320,Upload,10,Tier 1
TCK00001275,APP0011345,Login,12,Tier 1
TCK00001276,APP0011346,Upload,11,Tier 3
TCK00001277,APP0011350,Status Inquiry,11,Tier 1
TCK00001278,APP0011358,Upload,27,Tier 1
TCK00001279,APP0011362,Upload,28,Tier 1
TCK00001280,APP0011364,Upload,19,Tier 1
TCK00001281,APP0011365,Status Inquiry,19,Tier 1
TCK00001282,APP0011367,Status Inquiry,25,Tier 3
TCK00001283,APP0011377,Login,19,Tier 1
TCK00001284,APP0011381,Status Inquiry,19,Tier 1
TCK00001285,APP0011383,Upload,23,Tier 1
TCK00001286,APP0011394,Login,18,Tier 1
TCK00001287,APP0011415,Upload,29,Tier 1
TCK00001288,APP0011416,Status Inquiry,44,Tier 1
TCK00001289,APP0011428,Upload,18,Tier 1
TCK00001290,APP0011437,Upload,21,Tier 1
TCK00001291,APP0011445,Login,12,Tier 1
TCK00001292,APP0011481,Upload,15,Tier 1
TCK00001293,APP0011492,Other,19,Tier 1
TCK00001294,APP0011499,Login,22,Tier 1
TCK00001295,APP0011519,Status Inquiry,17,Tier 1
TCK00001296,APP0011528,Upload,9,Tier 1
TCK00001297,APP0011536,Status Inquiry,22,Tier 1
TCK00001298,APP0011552,Status Inquiry,14,Tier 1
TCK00001299,APP0011575,Status Inquiry,22,Tier 1
TCK00001300,APP0011585,Status Inquiry,17,Tier 3
TCK00001301,APP0011586,Upload,18,Tier 2
TCK00001302,APP0011594,Upload,18,Tier 1
TCK00001303,APP0011607,Status Inquiry,2,Tier 2
TCK00001304,APP0011613,Status Inquiry,28,Tier 1
TCK00001305,APP0011623,Status Inquiry,11,Tier 1
TCK00001306,APP0011631,Upload,21,Tier 1
TCK00001307,APP0011639,Login,23,Tier 1
TCK00001308,APP0011640,Login,14,Tier 1
TCK00001309,APP0011647,Login,8,Tier 1
TCK00001310,APP0011651,Upload,23,Tier 1
TCK00001311,APP0011659,Upload,11,Tier 1
TCK00001312,APP0011679,Status Inquiry,18,Tier 1
TCK00001313,APP0011681,Upload,22,Tier 1
TCK00001314,APP0011683,Status Inquiry,15,Tier 1
TCK00001315,APP0011692,Login,5,Tier 2
TCK00001316,APP0011693,Status Inquiry,13,Tier 2
TCK00001317,APP0011708,Status Inquiry,22,Tier 1
TCK00001318,APP0011718,Login,12,Tier 1
TCK00001319,APP0011730,Upload,25,Tier 1
TCK00001320,APP0011732,Upload,6,Tier 2
TCK00001321,APP0011742,Upload,11,Tier 1
TCK00001322,APP0011747,Other,4,Tier 1
TCK00001323,APP0011756,Login,11,Tier 2
TCK00001324,APP0011767,Upload,30,Tier 1
TCK00001325,APP0011769,Login,23,Tier 1
TCK00001326,APP0011791,Status Inquiry,16,Tier 3
TCK00001327,APP0011792,Status Inquiry,13,Tier 2
TCK00001328,APP0011796,Status Inquiry,27,Tier 1
TCK00001329,APP0011807,Upload,17,Tier 1
TCK00001330,APP0011817,Login,10,Tier 1
TCK00001331,APP0011824,Upload,30,Tier 3
TCK00001332,APP0011828,Login,8,Tier 1
TCK00001333,APP0011830,Upload,20,Tier 1
TCK00001334,APP0011831,Status Inquiry,23,Tier 1
TCK00001335,APP0011835,Upload,26,Tier 1
TCK00001336,APP0011839,Upload,34,Tier 1
TCK00001337,APP0011850,Status Inquiry,25,Tier 1
TCK00001338,APP0011864,Login,12,Tier 2
TCK00001339,APP0011873,Upload,27,Tier 1
TCK00001340,APP0011874,Other,20,Tier 2
TCK00001341,APP0011882,Login,8,Tier 1
TCK00001342,APP0011885,Login,9,Tier 1
TCK00001343,APP0011889,Status Inquiry,11,Tier 1
TCK00001344,APP0011892,Status Inquiry,1,Tier 1
TCK00001345,APP0011897,Login,21,Tier 2
TCK00001346,APP0011912,Upload,22,Tier 1
TCK00001347,APP0011920,Other,22,Tier 1
TCK00001348,APP0011921,Status Inquiry,11,Tier 1
TCK00001349,APP0011935,Upload,17,Tier 2
TCK00001350,APP0011943,Status Inquiry,27,Tier 2
TCK00001351,APP0011978,Upload,21,Tier 1
TCK00001352,APP0011992,Upload,17,Tier 1
TCK00001353,APP0012007,Status Inquiry,12,Tier 1
TCK00001354,APP0012008,Login,17,Tier 2
TCK00001355,APP0012014,Login,28,Tier 1
TCK00001356,APP0012018,Upload,18,Tier 1
TCK00001357,APP0012023,Status Inquiry,36,Tier 1
TCK00001358,APP0012024,Upload,37,Tier 2
TCK00001359,APP0012027,Login,23,Tier 1
TCK00001360,APP0012041,Status Inquiry,5,Tier 1
TCK00001361,APP0012049,Login,16,Tier 2
TCK00001362,APP0012052,Login,28,Tier 1
TCK00001363,APP0012053,Other,13,Tier 1
TCK00001364,APP0012055,Upload,12,Tier 2
TCK00001365,APP0012057,Login,18,Tier 1
TCK00001366,APP0012058,Status Inquiry,39,Tier 1
TCK00001367,APP0012059,Upload,14,Tier 1
TCK00001368,APP0012077,Upload,2,Tier 2
TCK00001369,APP0012088,Upload,20,Tier 1
TCK00001370,APP0012090,Status Inquiry,21,Tier 1
TCK00001371,APP0012101,Login,24,Tier 1
TCK00001372,APP0012110,Other,18,Tier 1
TCK00001373,APP0012119,Status Inquiry,20,Tier 1
TCK00001374,APP0012132,Login,14,Tier 2
TCK00001375,APP0012135,Status Inquiry,25,Tier 1
TCK00001376,APP0012136,Status Inquiry,17,Tier 1
TCK00001377,APP0012142,Upload,22,Tier 1
TCK00001378,APP0012151,Upload,12,Tier 1
TCK00001379,APP0012164,Other,29,Tier 2
TCK00001380,APP0012166,Upload,20,Tier 1
TCK00001381,APP0012186,Upload,14,Tier 2
TCK00001382,APP0012210,Status Inquiry,18,Tier 1
TCK00001383,APP0012219,Status Inquiry,9,Tier 1
TCK00001384,APP0012224,Upload,13,Tier 1
TCK00001385,APP0012234,Status Inquiry,24,Tier 2
TCK00001386,APP0012236,Login,22,Tier 1
TCK00001387,APP0012239,Login,24,Tier 2
TCK00001388,APP0012262,Upload,23,Tier 2
TCK00001389,APP0012276,Status Inquiry,15,Tier 1
TCK00001390,APP0012291,Upload,18,Tier 1
TCK00001391,APP0012297,Login,33,Tier 1
TCK00001392,APP0012299,Upload,17,Tier 1
TCK00001393,APP0012301,Login,5,Tier 1
TCK00001394,APP0012325,Upload,17,Tier 1
TCK00001395,APP0012330,Status Inquiry,14,Tier 1
TCK00001396,APP0012336,Other,17,Tier 1
TCK00001397,APP0012341,Upload,18,Tier 1
TCK00001398,APP0012345,Login,9,Tier 3
TCK00001399,APP0012355,Upload,21,Tier 1
TCK00001400,APP0012361,Other,16,Tier 1
TCK00001401,APP0012364,Status Inquiry,22,Tier 2
TCK00001402,APP0012368,Status Inquiry,12,Tier 1
TCK00001403,APP0012381,Upload,9,Tier 2
TCK00001404,APP0012382,Status Inquiry,14,Tier 1
TCK00001405,APP0012389,Upload,30,Tier 1
TCK00001406,APP0012394,Upload,3,Tier 2
TCK00001407,APP0012419,Upload,26,Tier 3
TCK00001408,APP0012420,Other,17,Tier 1
TCK00001409,APP0012422,Upload,26,Tier 1
TCK00001410,APP0012423,Status Inquiry,14,Tier 2
TCK00001411,APP0012427,Status Inquiry,20,Tier 1
TCK00001412,APP0012433,Login,20,Tier 3
TCK00001413,APP0012434,Upload,34,Tier 1
TCK00001414,APP0012444,Login,16,Tier 2
TCK00001415,APP0012459,Status Inquiry,19,Tier 1
TCK00001416,APP0012469,Login,11,Tier 1
TCK00001417,APP0012472,Status Inquiry,19,Tier 2
TCK00001418,APP0012482,Other,11,Tier 1
TCK00001419,APP0012497,Login,16,Tier 3
TCK00001420,APP0012506,Login,20,Tier 1
TCK00001421,APP0012507,Status Inquiry,22,Tier 1
TCK00001422,APP0012509,Upload,10,Tier 1
TCK00001423,APP0012514,Login,10,Tier 1
TCK00001424,APP0012519,Upload,26,Tier 2
TCK00001425,APP0012525,Status Inquiry,13,Tier 1
TCK00001426,APP0012526,Upload,18,Tier 2
TCK00001427,APP0012539,Other,15,Tier 1
TCK00001428,APP0012540,Status Inquiry,4,Tier 2
TCK00001429,APP0012548,Upload,16,Tier 2
TCK00001430,APP0012557,Login,16,Tier 1
TCK00001431,APP0012561,Upload,31,Tier 1
TCK00001432,APP0012578,Login,2,Tier 1
TCK00001433,APP0012611,Upload,13,Tier 1
TCK00001434,APP0012617,Login,22,Tier 2
TCK00001435,APP0012628,Status Inquiry,13,Tier 1
TCK00001436,APP0012635,Login,1,Tier 2
TCK00001437,APP0012645,Login,22,Tier 1
TCK00001438,APP0012657,Other,18,Tier 1
TCK00001439,APP0012661,Upload,10,Tier 1
TCK00001440,APP0012665,Upload,9,Tier 1
TCK00001441,APP0012680,Upload,12,Tier 1
TCK00001442,APP0012692,Other,19,Tier 1
TCK00001443,APP0012708,Status Inquiry,16,Tier 1
TCK00001444,APP0012733,Login,12,Tier 2
TCK00001445,APP0012756,Login,20,Tier 1
TCK00001446,APP0012759,Upload,25,Tier 1
TCK00001447,APP0012763,Status Inquiry,12,Tier 1
TCK00001448,APP0012769,Upload,29,Tier 1
TCK00001449,APP0012779,Status Inquiry,17,Tier 1
TCK00001450,APP0012789,Upload,22,Tier 1
TCK00001451,APP0012793,Upload,20,Tier 1
TCK00001452,APP0012813,Upload,21,Tier 1
TCK00001453,APP0012814,Upload,19,Tier 1
TCK00001454,APP0012816,Upload,1,Tier 2
TCK00001455,APP0012821,Login,9,Tier 3
TCK00001456,APP0012834,Upload,24,Tier 1
TCK00001457,APP0012842,Status Inquiry,9,Tier 1
TCK00001458,APP0012862,Login,18,Tier 1
TCK00001459,APP0012867,Login,4,Tier 2
TCK00001460,APP0012871,Login,12,Tier 1
TCK00001461,APP0012893,Status Inquiry,29,Tier 2
TCK00001462,APP0012915,Status Inquiry,19,Tier 1
TCK00001463,APP0012916,Login,10,Tier 2
TCK00001464,APP0012917,Other,12,Tier 2
TCK00001465,APP0012925,Status Inquiry,3,Tier 1
TCK00001466,APP0012932,Upload,20,Tier 1
TCK00001467,APP0012940,Status Inquiry,15,Tier 1
TCK00001468,APP0012951,Upload,22,Tier 2
TCK00001469,APP0012956,Login,23,Tier 1
TCK00001470,APP0012960,Upload,14,Tier 1
TCK00001471,APP0012964,Upload,9,Tier 1
TCK00001472,APP0012992,Upload,7,Tier 2
TCK00001473,APP0013002,Upload,13,Tier 2
TCK00001474,APP0013008,Upload,17,Tier 1
TCK00001475,APP0013011,Upload,27,Tier 1
TCK00001476,APP0013038,Upload,9,Tier 1
TCK00001477,APP0013048,Upload,20,Tier 1
TCK00001478,APP0013052,Login,8,Tier 2
TCK00001479,APP0013053,Status Inquiry,12,Tier 2
TCK00001480,APP0013057,Upload,23,Tier 2
TCK00001481,APP0013064,Login,20,Tier 2
TCK00001482,APP0013066,Login,12,Tier 1
TCK00001483,APP0013068,Status Inquiry,11,Tier 1
TCK00001484,APP0013074,Status Inquiry,25,Tier 1
TCK00001485,APP0013080,Upload,15,Tier 1
TCK00001486,APP0013098,Status Inquiry,14,Tier 1
TCK00001487,APP0013120,Login,8,Tier 1
TCK00001488,APP0013134,Other,36,Tier 1
TCK00001489,APP0013144,Upload,31,Tier 1
TCK00001490,APP0013178,Status Inquiry,21,Tier 2
TCK00001491,APP0013194,Upload,34,Tier 1
TCK00001492,APP0013214,Status Inquiry,20,Tier 1
TCK00001493,APP0013216,Upload,14,Tier 2
TCK00001494,APP0013218,Upload,21,Tier 3
TCK00001495,APP0013221,Login,28,Tier 2
TCK00001496,APP0013227,Upload,8,Tier 1
TCK00001497,APP0013254,Upload,27,Tier 2
TCK00001498,APP0013256,Upload,26,Tier 1
TCK00001499,APP0013261,Status Inquiry,29,Tier 2
TCK00001500,APP0013271,Other,21,Tier 1
TCK00001501,APP0013272,Login,26,Tier 1
TCK00001502,APP0013278,Login,3,Tier 1
TCK00001503,APP0013279,Status Inquiry,17,Tier 1
TCK00001504,APP0013281,Other,25,Tier 1
TCK00001505,APP0013285,Status Inquiry,22,Tier 2
TCK00001506,APP0013298,Login,19,Tier 1
TCK00001507,APP0013299,Login,7,Tier 1
TCK00001508,APP0013313,Upload,16,Tier 1
TCK00001509,APP0013315,Login,3,Tier 2
TCK00001510,APP0013317,Upload,15,Tier 2
TCK00001511,APP0013326,Upload,20,Tier 2
TCK00001512,APP0013337,Status Inquiry,13,Tier 1
TCK00001513,APP0013339,Upload,21,Tier 1
TCK00001514,APP0013358,Status Inquiry,17,Tier 1
TCK00001515,APP0013367,Upload,24,Tier 1
TCK00001516,APP0013371,Upload,14,Tier 1
TCK00001517,APP0013372,Login,4,Tier 1
TCK00001518,APP0013373,Status Inquiry,7,Tier 1
TCK00001519,APP0013378,Upload,11,Tier 1
TCK00001520,APP0013389,Upload,17,Tier 1
TCK00001521,APP0013393,Other,18,Tier 1
TCK00001522,APP0013434,Upload,11,Tier 1
TCK00001523,APP0013435,Status Inquiry,18,Tier 1
TCK00001524,APP0013438,Login,12,Tier 3
TCK00001525,APP0013449,Status Inquiry,23,Tier 1
TCK00001526,APP0013453,Login,7,Tier 1
TCK00001527,APP0013459,Status Inquiry,27,Tier 2
TCK00001528,APP0013466,Login,20,Tier 2
TCK00001529,APP0013471,Upload,14,Tier 2
TCK00001530,APP0013483,Status Inquiry,9,Tier 1
TCK00001531,APP0013488,Upload,22,Tier 2
TCK00001532,APP0013492,Status Inquiry,13,Tier 1
TCK00001533,APP0013507,Status Inquiry,23,Tier 1
TCK00001534,APP0013510,Upload,32,Tier 2
TCK00001535,APP0013515,Other,19,Tier 1
TCK00001536,APP0013519,Upload,20,Tier 2
TCK00001537,APP0013523,Other,22,Tier 2
TCK00001538,APP0013524,Other,14,Tier 1
TCK00001539,APP0013529,Status Inquiry,33,Tier 2
TCK00001540,APP0013546,Upload,16,Tier 2
TCK00001541,APP0013553,Status Inquiry,24,Tier 1
TCK00001542,APP0013566,Status Inquiry,21,Tier 1
TCK00001543,APP0013568,Status Inquiry,14,Tier 3
TCK00001544,APP0013572,Status Inquiry,29,Tier 2
TCK00001545,APP0013577,Other,21,Tier 1
TCK00001546,APP0013581,Upload,13,Tier 1
TCK00001547,APP0013584,Other,13,Tier 1
TCK00001548,APP0013587,Upload,3,Tier 2
TCK00001549,APP0013602,Upload,10,Tier 2
TCK00001550,APP0013605,Status Inquiry,25,Tier 3
TCK00001551,APP0013612,Login,25,Tier 1
TCK00001552,APP0013638,Login,11,Tier 1
TCK00001553,APP0013642,Status Inquiry,24,Tier 1
TCK00001554,APP0013653,Other,27,Tier 1
TCK00001555,APP0013662,Upload,25,Tier 1
TCK00001556,APP0013666,Status Inquiry,29,Tier 1
TCK00001557,APP0013671,Upload,4,Tier 1
TCK00001558,APP0013675,Upload,20,Tier 1
TCK00001559,APP0013680,Status Inquiry,11,Tier 1
TCK00001560,APP0013688,Login,24,Tier 1
TCK00001561,APP0013696,Upload,13,Tier 1
TCK00001562,APP0013703,Status Inquiry,20,Tier 1
TCK00001563,APP0013705,Upload,26,Tier 1
TCK00001564,APP0013708,Status Inquiry,6,Tier 1
TCK00001565,APP0013719,Upload,14,Tier 1
TCK00001566,APP0013731,Upload,13,Tier 1
TCK00001567,APP0013732,Login,18,Tier 1
TCK00001568,APP0013735,Upload,6,Tier 2
TCK00001569,APP0013771,Status Inquiry,25,Tier 2
TCK00001570,APP0013782,Upload,34,Tier 1
TCK00001571,APP0013799,Upload,16,Tier 2
TCK00001572,APP0013801,Upload,23,Tier 1
TCK00001573,APP0013817,Upload,1,Tier 1
TCK00001574,APP0013822,Status Inquiry,9,Tier 1
TCK00001575,APP0013834,Status Inquiry,24,Tier 1
TCK00001576,APP0013838,Login,21,Tier 1
TCK00001577,APP0013857,Upload,23,Tier 1
TCK00001578,APP0013859,Login,29,Tier 1
TCK00001579,APP0013861,Login,19,Tier 1
TCK00001580,APP0013871,Status Inquiry,16,Tier 1
TCK00001581,APP0013881,Other,14,Tier 1
TCK00001582,APP0013884,Status Inquiry,19,Tier 1
TCK00001583,APP0013886,Upload,1,Tier 1
TCK00001584,APP0013888,Login,30,Tier 2
TCK00001585,APP0013925,Other,1,Tier 2
TCK00001586,APP0013942,Upload,5,Tier 2
TCK00001587,APP0013952,Status Inquiry,18,Tier 2
TCK00001588,APP0013966,Upload,25,Tier 1
TCK00001589,APP0013975,Status Inquiry,22,Tier 2
TCK00001590,APP0013977,Status Inquiry,30,Tier 2
TCK00001591,APP0014000,Status Inquiry,14,Tier 2
TCK00001592,APP0014008,Upload,13,Tier 2
TCK00001593,APP0014012,Other,22,Tier 1
TCK00001594,APP0014026,Status Inquiry,9,Tier 1
TCK00001595,APP0014047,Login,19,Tier 1
TCK00001596,APP0014079,Login,22,Tier 2
TCK00001597,APP0014089,Status Inquiry,20,Tier 3
TCK00001598,APP0014135,Login,1,Tier 1
TCK00001599,APP0014143,Upload,16,Tier 1
TCK00001600,APP0014163,Upload,1,Tier 1
TCK00001601,APP0014172,Login,24,Tier 1
TCK00001602,APP0014180,Login,14,Tier 1
TCK00001603,APP0014181,Upload,25,Tier 1
TCK00001604,APP0014186,Upload,28,Tier 1
TCK00001605,APP0014187,Upload,7,Tier 1
TCK00001606,APP0014189,Status Inquiry,25,Tier 1
TCK00001607,APP0014190,Login,21,Tier 1
TCK00001608,APP0014198,Upload,29,Tier 2
TCK00001609,APP0014200,Status Inquiry,7,Tier 1
TCK00001610,APP0014202,Upload,7,Tier 1
TCK00001611,APP0014203,Login,11,Tier 2
TCK00001612,APP0014207,Login,3,Tier 2
TCK00001613,APP0014235,Status Inquiry,18,Tier 2
TCK00001614,APP0014242,Status Inquiry,12,Tier 1
TCK00001615,APP0014260,Status Inquiry,19,Tier 1
TCK00001616,APP0014292,Upload,20,Tier 1
TCK00001617,APP0014314,Upload,24,Tier 2
TCK00001618,APP0014317,Upload,7,Tier 1
TCK00001619,APP0014318,Upload,23,Tier 2
TCK00001620,APP0014332,Status Inquiry,23,Tier 1
TCK00001621,APP0014336,Login,9,Tier 1
TCK00001622,APP0014348,Upload,12,Tier 1
TCK00001623,APP0014366,Status Inquiry,6,Tier 2
TCK00001624,APP0014402,Upload,27,Tier 1
TCK00001625,APP0014409,Upload,28,Tier 2
TCK00001626,APP0014419,Login,11,Tier 2
TCK00001627,APP0014420,Status Inquiry,16,Tier 1
TCK00001628,APP0014460,Other,21,Tier 1
TCK00001629,APP0014509,Status Inquiry,23,Tier 1
TCK00001630,APP0014511,Other,17,Tier 1
TCK00001631,APP0014519,Status Inquiry,30,Tier 1
TCK00001632,APP0014521,Status Inquiry,10,Tier 1
TCK00001633,APP0014526,Other,24,Tier 1
TCK00001634,APP0014551,Other,18,Tier 1
TCK00001635,APP0014557,Status Inquiry,20,Tier 3
TCK00001636,APP0014558,Status Inquiry,11,Tier 1
TCK00001637,APP0014559,Upload,3,Tier 2
TCK00001638,APP0014569,Login,13,Tier 1
TCK00001639,APP0014572,Login,21,Tier 1
TCK00001640,APP0014574,Upload,11,Tier 3
TCK00001641,APP0014579,Login,4,Tier 1
TCK00001642,APP0014609,Login,16,Tier 1
TCK00001643,APP0014615,Upload,17,Tier 1
TCK00001644,APP0014616,Login,9,Tier 1
TCK00001645,APP0014621,Login,16,Tier 1
TCK00001646,APP0014624,Status Inquiry,21,Tier 1
TCK00001647,APP0014627,Upload,19,Tier 1
TCK00001648,APP0014640,Other,25,Tier 1
TCK00001649,APP0014646,Other,27,Tier 1
TCK00001650,APP0014651,Upload,17,Tier 1
TCK00001651,APP0014660,Upload,11,Tier 2
TCK00001652,APP0014673,Upload,3,Tier 1
TCK00001653,APP0014684,Other,25,Tier 1
TCK00001654,APP0014686,Status Inquiry,20,Tier 1
TCK00001655,APP0014691,Upload,25,Tier 1
TCK00001656,APP0014700,Status Inquiry,11,Tier 1
TCK00001657,APP0014705,Status Inquiry,18,Tier 2
TCK00001658,APP0014711,Upload,11,Tier 2
TCK00001659,APP0014715,Login,10,Tier 1
TCK00001660,APP0014718,Other,6,Tier 1
TCK00001661,APP0014727,Upload,15,Tier 1
TCK00001662,APP0014729,Status Inquiry,21,Tier 1
TCK00001663,APP0014751,Login,23,Tier 1
TCK00001664,APP0014753,Upload,19,Tier 1
TCK00001665,APP0014755,Upload,15,Tier 1
TCK00001666,APP0014768,Login,33,Tier 1
TCK00001667,APP0014794,Other,30,Tier 1
TCK00001668,APP0014802,Login,25,Tier 1
TCK00001669,APP0014820,Status Inquiry,18,Tier 1
TCK00001670,APP0014821,Upload,27,Tier 1
TCK00001671,APP0014836,Other,11,Tier 2
TCK00001672,APP0014852,Status Inquiry,7,Tier 1
TCK00001673,APP0014858,Login,22,Tier 3
TCK00001674,APP0014895,Upload,19,Tier 1
TCK00001675,APP0014897,Upload,26,Tier 2
TCK00001676,APP0014923,Status Inquiry,11,Tier 1
TCK00001677,APP0014926,Upload,20,Tier 1
TCK00001678,APP0014927,Status Inquiry,9,Tier 1
TCK00001679,APP0014942,Login,14,Tier 1
TCK00001680,APP0014943,Status Inquiry,21,Tier 2
TCK00001681,APP0014958,Login,17,Tier 1
TCK00001682,APP0014967,Status Inquiry,10,Tier 3
TCK00001683,APP0014974,Upload,6,Tier 2
TCK00001684,APP0014978,Other,14,Tier 1
TCK00001685,APP0014985,Login,10,Tier 2
TCK00001686,APP0014990,Upload,6,Tier 2
TCK00001687,APP0015002,Status Inquiry,18,Tier 2
TCK00001688,APP0015005,Login,10,Tier 1
TCK00001689,APP0015021,Login,27,Tier 1
TCK00001690,APP0015032,Status Inquiry,34,Tier 1
TCK00001691,APP0015035,Status Inquiry,26,Tier 1
TCK00001692,APP0015036,Upload,40,Tier 3
TCK00001693,APP0015037,Status Inquiry,8,Tier 2
TCK00001694,APP0015041,Upload,4,Tier 1
TCK00001695,APP0015045,Login,16,Tier 2
TCK00001696,APP0015056,Login,3,Tier 1
TCK00001697,APP0015057,Other,18,Tier 2
TCK00001698,APP0015061,Upload,24,Tier 2
TCK00001699,APP0015066,Status Inquiry,23,Tier 1
TCK00001700,APP0015069,Status Inquiry,25,Tier 1
TCK00001701,APP0015091,Status Inquiry,16,Tier 2
TCK00001702,APP0015096,Upload,17,Tier 1
TCK00001703,APP0015107,Status Inquiry,19,Tier 2
TCK00001704,APP0015118,Upload,17,Tier 1
TCK00001705,APP0015130,Upload,25,Tier 1
TCK00001706,APP0015134,Status Inquiry,14,Tier 1
TCK00001707,APP0015136,Other,17,Tier 1
TCK00001708,APP0015148,Upload,12,Tier 1
TCK00001709,APP0015156,Upload,25,Tier 1
TCK00001710,APP0015169,Status Inquiry,18,Tier 1
TCK00001711,APP0015175,Login,18,Tier 1
TCK00001712,APP0015178,Upload,13,Tier 2
TCK00001713,APP0015181,Other,3,Tier 1
TCK00001714,APP0015186,Upload,14,Tier 1
TCK00001715,APP0015188,Login,1,Tier 1
TCK00001716,APP0015190,Upload,17,Tier 1
TCK00001717,APP0015194,Login,7,Tier 1
TCK00001718,APP0015198,Status Inquiry,27,Tier 1
TCK00001719,APP0015207,Status Inquiry,12,Tier 1
TCK00001720,APP0015215,Upload,17,Tier 2
TCK00001721,APP0015219,Other,13,Tier 1
TCK00001722,APP0015240,Upload,8,Tier 1
TCK00001723,APP0015249,Login,5,Tier 3
TCK00001724,APP0015256,Status Inquiry,1,Tier 1
TCK00001725,APP0015258,Login,12,Tier 1
TCK00001726,APP0015268,Status Inquiry,1,Tier 1
TCK00001727,APP0015272,Status Inquiry,26,Tier 3
TCK00001728,APP0015280,Status Inquiry,7,Tier 1
TCK00001729,APP0015306,Status Inquiry,12,Tier 1
TCK00001730,APP0015319,Upload,17,Tier 2
TCK00001731,APP0015328,Status Inquiry,16,Tier 1
TCK00001732,APP0015329,Status Inquiry,26,Tier 2
TCK00001733,APP0015331,Upload,17,Tier 3
TCK00001734,APP0015350,Upload,13,Tier 1
TCK00001735,APP0015377,Login,16,Tier 1
TCK00001736,APP0015385,Status Inquiry,29,Tier 1
TCK00001737,APP0015387,Status Inquiry,23,Tier 1
TCK00001738,APP0015393,Upload,2,Tier 1
TCK00001739,APP0015395,Upload,16,Tier 2
TCK00001740,APP0015397,Login,10,Tier 1
TCK00001741,APP0015405,Login,17,Tier 1
TCK00001742,APP0015415,Upload,22,Tier 1
TCK00001743,APP0015416,Status Inquiry,17,Tier 1
TCK00001744,APP0015417,Upload,22,Tier 1
TCK00001745,APP0015419,Upload,31,Tier 2
TCK00001746,APP0015427,Status Inquiry,3,Tier 1
TCK00001747,APP0015433,Upload,17,Tier 2
TCK00001748,APP0015439,Status Inquiry,18,Tier 1
TCK00001749,APP0015440,Other,21,Tier 1
TCK00001750,APP0015461,Status Inquiry,18,Tier 1
TCK00001751,APP0015463,Upload,25,Tier 1
TCK00001752,APP0015501,Login,17,Tier 1
TCK00001753,APP0015522,Login,21,Tier 2
TCK00001754,APP0015525,Status Inquiry,5,Tier 1
TCK00001755,APP0015565,Login,19,Tier 1
TCK00001756,APP0015580,Upload,8,Tier 2
TCK00001757,APP0015593,Login,22,Tier 1
TCK00001758,APP0015618,Status Inquiry,31,Tier 2
TCK00001759,APP0015619,Status Inquiry,17,Tier 1
TCK00001760,APP0015620,Upload,21,Tier 1
TCK00001761,APP0015637,Status Inquiry,23,Tier 1
TCK00001762,APP0015642,Upload,28,Tier 1
TCK00001763,APP0015656,Upload,24,Tier 1
TCK00001764,APP0015662,Upload,27,Tier 1
TCK00001765,APP0015668,Other,13,Tier 1
TCK00001766,APP0015669,Login,17,Tier 3
TCK00001767,APP0015673,Status Inquiry,6,Tier 1
TCK00001768,APP0015687,Login,35,Tier 1
TCK00001769,APP0015696,Login,8,Tier 1
TCK00001770,APP0015701,Login,25,Tier 3
TCK00001771,APP0015704,Upload,19,Tier 1
TCK00001772,APP0015706,Other,18,Tier 2
TCK00001773,APP0015715,Login,8,Tier 3
TCK00001774,APP0015724,Login,17,Tier 1
TCK00001775,APP0015731,Upload,18,Tier 1
TCK00001776,APP0015761,Login,21,Tier 1
TCK00001777,APP0015765,Upload,15,Tier 3
TCK00001778,APP0015768,Upload,20,Tier 2
TCK00001779,APP0015770,Login,10,Tier 1
TCK00001780,APP0015781,Upload,27,Tier 1
TCK00001781,APP0015784,Login,12,Tier 1
TCK00001782,APP0015802,Status Inquiry,46,Tier 2
TCK00001783,APP0015803,Upload,15,Tier 1
TCK00001784,APP0015805,Upload,13,Tier 2
TCK00001785,APP0015807,Login,19,Tier 2
TCK00001786,APP0015820,Upload,17,Tier 2
TCK00001787,APP0015822,Login,26,Tier 2
TCK00001788,APP0015834,Upload,27,Tier 2
TCK00001789,APP0015835,Status Inquiry,13,Tier 1
TCK00001790,APP0015842,Status Inquiry,12,Tier 1
TCK00001791,APP0015843,Status Inquiry,12,Tier 2
TCK00001792,APP0015858,Upload,22,Tier 1
TCK00001793,APP0015860,Login,26,Tier 1
TCK00001794,APP0015862,Status Inquiry,23,Tier 1
TCK00001795,APP0015864,Upload,17,Tier 3
TCK00001796,APP0015867,Other,18,Tier 1
TCK00001797,APP0015870,Status Inquiry,23,Tier 1
TCK00001798,APP0015881,Upload,28,Tier 1
TCK00001799,APP0015891,Other,18,Tier 2
TCK00001800,APP0015911,Status Inquiry,27,Tier 1
TCK00001801,APP0015915,Status Inquiry,15,Tier 2
TCK00001802,APP0015937,Other,20,Tier 1
TCK00001803,APP0015961,Status Inquiry,27,Tier 1
TCK00001804,APP0015964,Status Inquiry,11,Tier 2
TCK00001805,APP0015980,Status Inquiry,4,Tier 1
TCK00001806,APP0015982,Upload,9,Tier 3
TCK00001807,APP0016002,Status Inquiry,17,Tier 1
TCK00001808,APP0016007,Status Inquiry,10,Tier 1
TCK00001809,APP0016018,Upload,17,Tier 1
TCK00001810,APP0016019,Upload,29,Tier 2
TCK00001811,APP0016026,Status Inquiry,15,Tier 1
TCK00001812,APP0016035,Upload,28,Tier 3
TCK00001813,APP0016042,Status Inquiry,25,Tier 1
TCK00001814,APP0016046,Login,9,Tier 1
TCK00001815,APP0016053,Login,26,Tier 1
TCK00001816,APP0016064,Login,25,Tier 2
TCK00001817,APP0016073,Upload,26,Tier 3
TCK00001818,APP0016082,Upload,20,Tier 1
TCK00001819,APP0016100,Status Inquiry,20,Tier 1
TCK00001820,APP0016123,Login,14,Tier 2
TCK00001821,APP0016126,Status Inquiry,11,Tier 1
TCK00001822,APP0016143,Upload,18,Tier 1
TCK00001823,APP0016156,Status Inquiry,24,Tier 1
TCK00001824,APP0016184,Other,13,Tier 1
TCK00001825,APP0016191,Status Inquiry,31,Tier 1
TCK00001826,APP0016194,Status Inquiry,15,Tier 1
TCK00001827,APP0016199,Status Inquiry,21,Tier 1
TCK00001828,APP0016212,Status Inquiry,7,Tier 1
TCK00001829,APP0016214,Other,30,Tier 1
TCK00001830,APP0016215,Login,24,Tier 1
TCK00001831,APP0016231,Status Inquiry,29,Tier 1
TCK00001832,APP0016246,Status Inquiry,9,Tier 1
TCK00001833,APP0016247,Status Inquiry,30,Tier 1
TCK00001834,APP0016253,Login,22,Tier 1
TCK00001835,APP0016255,Login,13,Tier 1
TCK00001836,APP0016270,Upload,15,Tier 1
TCK00001837,APP0016274,Upload,6,Tier 1
TCK00001838,APP0016277,Upload,17,Tier 1
TCK00001839,APP0016282,Upload,26,Tier 3
TCK00001840,APP0016326,Upload,12,Tier 1
TCK00001841,APP0016335,Upload,21,Tier 1
TCK00001842,APP0016350,Login,9,Tier 2
TCK00001843,APP0016356,Status Inquiry,1,Tier 1
TCK00001844,APP0016359,Status Inquiry,17,Tier 2
TCK00001845,APP0016364,Status Inquiry,30,Tier 3
TCK00001846,APP0016372,Upload,28,Tier 1
TCK00001847,APP0016397,Upload,13,Tier 1
TCK00001848,APP0016420,Status Inquiry,28,Tier 1
TCK00001849,APP0016427,Other,27,Tier 1
TCK00001850,APP0016436,Upload,21,Tier 1
TCK00001851,APP0016485,Status Inquiry,15,Tier 3
TCK00001852,APP0016497,Login,26,Tier 1
TCK00001853,APP0016499,Login,17,Tier 1
TCK00001854,APP0016508,Upload,15,Tier 1
TCK00001855,APP0016516,Status Inquiry,26,Tier 1
TCK00001856,APP0016517,Status Inquiry,13,Tier 3
TCK00001857,APP0016529,Upload,23,Tier 2
TCK00001858,APP0016534,Login,30,Tier 1
TCK00001859,APP0016551,Status Inquiry,13,Tier 1
TCK00001860,APP0016553,Status Inquiry,19,Tier 2
TCK00001861,APP0016555,Upload,22,Tier 1
TCK00001862,APP0016567,Status Inquiry,4,Tier 1
TCK00001863,APP0016583,Upload,14,Tier 2
TCK00001864,APP0016592,Other,13,Tier 1
TCK00001865,APP0016604,Status Inquiry,14,Tier 2
TCK00001866,APP0016618,Status Inquiry,11,Tier 2
TCK00001867,APP0016634,Other,28,Tier 2
TCK00001868,APP0016638,Status Inquiry,11,Tier 1
TCK00001869,APP0016639,Status Inquiry,17,Tier 1
TCK00001870,APP0016655,Upload,22,Tier 1
TCK00001871,APP0016657,Status Inquiry,30,Tier 1
TCK00001872,APP0016663,Upload,5,Tier 1
TCK00001873,APP0016693,Upload,7,Tier 1
TCK00001874,APP0016696,Status Inquiry,9,Tier 2
TCK00001875,APP0016697,Upload,15,Tier 1
TCK00001876,APP0016725,Upload,25,Tier 1
TCK00001877,APP0016747,Status Inquiry,17,Tier 2
TCK00001878,APP0016790,Status Inquiry,19,Tier 2
TCK00001879,APP0016793,Status Inquiry,30,Tier 2
TCK00001880,APP0016832,Login,15,Tier 1
TCK00001881,APP0016853,Upload,19,Tier 2
TCK00001882,APP0016854,Login,33,Tier 1
TCK00001883,APP0016855,Login,24,Tier 1
TCK00001884,APP0016865,Status Inquiry,13,Tier 1
TCK00001885,APP0016874,Status Inquiry,13,Tier 1
TCK00001886,APP0016878,Upload,27,Tier 1
TCK00001887,APP0016881,Upload,9,Tier 1
TCK00001888,APP0016886,Status Inquiry,11,Tier 1
TCK00001889,APP0016890,Login,24,Tier 1
TCK00001890,APP0016891,Upload,28,Tier 1
TCK00001891,APP0016894,Upload,31,Tier 1
TCK00001892,APP0016899,Login,10,Tier 1
TCK00001893,APP0016912,Status Inquiry,22,Tier 2
TCK00001894,APP0016917,Status Inquiry,1,Tier 1
TCK00001895,APP0016923,Upload,11,Tier 1
TCK00001896,APP0016925,Status Inquiry,41,Tier 3
TCK00001897,APP0016932,Status Inquiry,30,Tier 1
TCK00001898,APP0016943,Status Inquiry,24,Tier 3
TCK00001899,APP0016948,Other,11,Tier 1
TCK00001900,APP0016968,Status Inquiry,8,Tier 1
TCK00001901,APP0016970,Status Inquiry,27,Tier 2
TCK00001902,APP0016973,Upload,17,Tier 2
TCK00001903,APP0016987,Login,11,Tier 1
TCK00001904,APP0016988,Status Inquiry,24,Tier 1
TCK00001905,APP0016991,Other,23,Tier 2
TCK00001906,APP0016993,Other,12,Tier 1
TCK00001907,APP0016995,Other,15,Tier 3
TCK00001908,APP0017016,Other,36,Tier 1
TCK00001909,APP0017048,Upload,10,Tier 2
TCK00001910,APP0017065,Login,26,Tier 1
TCK00001911,APP0017075,Login,12,Tier 1
TCK00001912,APP0017114,Login,11,Tier 1
TCK00001913,APP0017126,Upload,10,Tier 1
TCK00001914,APP0017128,Upload,17,Tier 1
TCK00001915,APP0017130,Login,18,Tier 1
TCK00001916,APP0017136,Status Inquiry,24,Tier 1
TCK00001917,APP0017141,Status Inquiry,12,Tier 1
TCK00001918,APP0017147,Status Inquiry,21,Tier 1
TCK00001919,APP0017151,Other,14,Tier 1
TCK00001920,APP0017159,Status Inquiry,12,Tier 2
TCK00001921,APP0017163,Upload,23,Tier 2
TCK00001922,APP0017167,Upload,22,Tier 1
TCK00001923,APP0017177,Upload,6,Tier 1
TCK00001924,APP0017179,Status Inquiry,19,Tier 2
TCK00001925,APP0017188,Login,3,Tier 1
TCK00001926,APP0017215,Other,9,Tier 1
TCK00001927,APP0017219,Login,31,Tier 1
TCK00001928,APP0017224,Status Inquiry,28,Tier 1
TCK00001929,APP0017232,Status Inquiry,16,Tier 1
TCK00001930,APP0017245,Upload,23,Tier 2
TCK00001931,APP0017251,Status Inquiry,28,Tier 1
TCK00001932,APP0017265,Upload,32,Tier 1
TCK00001933,APP0017268,Status Inquiry,32,Tier 1
TCK00001934,APP0017269,Other,12,Tier 1
TCK00001935,APP0017278,Upload,17,Tier 2
TCK00001936,APP0017279,Upload,19,Tier 2
TCK00001937,APP0017280,Upload,1,Tier 1
TCK00001938,APP0017283,Login,12,Tier 1
TCK00001939,APP0017296,Upload,21,Tier 1
TCK00001940,APP0017306,Status Inquiry,16,Tier 2
TCK00001941,APP0017311,Upload,13,Tier 1
TCK00001942,APP0017333,Upload,8,Tier 1
TCK00001943,APP0017344,Upload,13,Tier 1
TCK00001944,APP0017353,Login,17,Tier 2
TCK00001945,APP0017370,Upload,15,Tier 1
TCK00001946,APP0017380,Login,27,Tier 1
TCK00001947,APP0017388,Login,24,Tier 2
TCK00001948,APP0017423,Status Inquiry,7,Tier 1
TCK00001949,APP0017434,Upload,25,Tier 2
TCK00001950,APP0017448,Login,18,Tier 2
TCK00001951,APP0017450,Login,24,Tier 1
TCK00001952,APP0017465,Upload,12,Tier 1
TCK00001953,APP0017469,Status Inquiry,25,Tier 1
TCK00001954,APP0017472,Upload,12,Tier 1
TCK00001955,APP0017486,Login,26,Tier 2
TCK00001956,APP0017493,Status Inquiry,17,Tier 2
TCK00001957,APP0017498,Status Inquiry,15,Tier 2
TCK00001958,APP0017502,Upload,7,Tier 1
TCK00001959,APP0017515,Other,5,Tier 1
TCK00001960,APP0017516,Upload,24,Tier 1
TCK00001961,APP0017521,Login,9,Tier 2
TCK00001962,APP0017540,Upload,8,Tier 1
TCK00001963,APP0017550,Login,21,Tier 1
TCK00001964,APP0017554,Status Inquiry,18,Tier 1
TCK00001965,APP0017556,Status Inquiry,22,Tier 1
TCK00001966,APP0017568,Upload,7,Tier 2
TCK00001967,APP0017576,Login,1,Tier 1
TCK00001968,APP0017596,Other,10,Tier 1
TCK00001969,APP0017599,Upload,25,Tier 1
TCK00001970,APP0017611,Login,17,Tier 1
TCK00001971,APP0017621,Status Inquiry,21,Tier 1
TCK00001972,APP0017622,Status Inquiry,22,Tier 2
TCK00001973,APP0017626,Login,19,Tier 1
TCK00001974,APP0017632,Upload,19,Tier 2
TCK00001975,APP0017634,Login,16,Tier 1
TCK00001976,APP0017638,Login,19,Tier 2
TCK00001977,APP0017652,Status Inquiry,20,Tier 1
TCK00001978,APP0017654,Status Inquiry,12,Tier 1
TCK00001979,APP0017668,Status Inquiry,22,Tier 2
TCK00001980,APP0017697,Upload,17,Tier 1
TCK00001981,APP0017699,Login,17,Tier 3
TCK00001982,APP0017702,Status Inquiry,16,Tier 2
TCK00001983,APP0017719,Login,25,Tier 1
TCK00001984,APP0017720,Status Inquiry,16,Tier 1
TCK00001985,APP0017722,Status Inquiry,27,Tier 2
TCK00001986,APP0017739,Upload,9,Tier 1
TCK00001987,APP0017741,Login,22,Tier 1
TCK00001988,APP0017745,Upload,5,Tier 1
TCK00001989,APP0017753,Upload,18,Tier 1
TCK00001990,APP0017759,Status Inquiry,13,Tier 1
TCK00001991,APP0017773,Status Inquiry,14,Tier 1
TCK00001992,APP0017782,Status Inquiry,9,Tier 1
TCK00001993,APP0017786,Status Inquiry,17,Tier 1
TCK00001994,APP0017787,Status Inquiry,22,Tier 1
TCK00001995,APP0017792,Other,3,Tier 1
TCK00001996,APP0017804,Status Inquiry,16,Tier 1
TCK00001997,APP0017853,Login,19,Tier 1
TCK00001998,APP0017866,Login,22,Tier 2
TCK00001999,APP0017886,Status Inquiry,20,Tier 1
TCK00002000,APP0017891,Upload,9,Tier 1
TCK00002001,APP0017894,Upload,25,Tier 1
TCK00002002,APP0017903,Upload,11,Tier 1
TCK00002003,APP0017908,Upload,21,Tier 1
TCK00002004,APP0017911,Upload,19,Tier 3
TCK00002005,APP0017936,Upload,13,Tier 1
TCK00002006,APP0017949,Status Inquiry,10,Tier 1
TCK00002007,APP0017972,Upload,16,Tier 1
TCK00002008,APP0017973,Upload,29,Tier 1
TCK00002009,APP0017992,Status Inquiry,23,Tier 1
TCK00002010,APP0017997,Login,13,Tier 1
TCK00002011,APP0018029,Login,23,Tier 2
TCK00002012,APP0018033,Status Inquiry,31,Tier 1
TCK00002013,APP0018050,Upload,35,Tier 2
TCK00002014,APP0018051,Upload,4,Tier 1
TCK00002015,APP0018052,Status Inquiry,23,Tier 1
TCK00002016,APP0018088,Upload,24,Tier 2
TCK00002017,APP0018098,Status Inquiry,11,Tier 1
TCK00002018,APP0018105,Other,3,Tier 1
TCK00002019,APP0018126,Upload,28,Tier 1
TCK00002020,APP0018135,Status Inquiry,14,Tier 1
TCK00002021,APP0018138,Upload,5,Tier 1
TCK00002022,APP0018146,Login,9,Tier 1
TCK00002023,APP0018148,Status Inquiry,23,Tier 1
TCK00002024,APP0018160,Upload,35,Tier 1
TCK00002025,APP0018163,Status Inquiry,25,Tier 1
TCK00002026,APP0018175,Status Inquiry,11,Tier 1
TCK00002027,APP0018185,Upload,28,Tier 1
TCK00002028,APP0018198,Login,3,Tier 1
TCK00002029,APP0018200,Login,25,Tier 1
TCK00002030,APP0018206,Login,25,Tier 1
TCK00002031,APP0018209,Login,32,Tier 1
TCK00002032,APP0018210,Login,25,Tier 2
TCK00002033,APP0018215,Upload,27,Tier 1
TCK00002034,APP0018238,Upload,18,Tier 2
TCK00002035,APP0018244,Login,15,Tier 1
TCK00002036,APP0018246,Upload,18,Tier 2
TCK00002037,APP0018266,Login,33,Tier 1
TCK00002038,APP0018269,Status Inquiry,13,Tier 1
TCK00002039,APP0018275,Status Inquiry,17,Tier 1
TCK00002040,APP0018278,Upload,14,Tier 1
TCK00002041,APP0018288,Status Inquiry,23,Tier 2
TCK00002042,APP0018298,Other,22,Tier 1
TCK00002043,APP0018305,Login,34,Tier 2
TCK00002044,APP0018306,Login,35,Tier 1
TCK00002045,APP0018311,Login,27,Tier 1
TCK00002046,APP0018318,Upload,25,Tier 1
TCK00002047,APP0018331,Login,17,Tier 2
TCK00002048,APP0018334,Login,6,Tier 3
TCK00002049,APP0018336,Other,19,Tier 2
TCK00002050,APP0018338,Upload,18,Tier 1
TCK00002051,APP0018340,Login,9,Tier 1
TCK00002052,APP0018351,Status Inquiry,19,Tier 1
TCK00002053,APP0018364,Login,26,Tier 1
TCK00002054,APP0018366,Status Inquiry,11,Tier 2
TCK00002055,APP0018367,Other,25,Tier 1
TCK00002056,APP0018373,Login,21,Tier 2
TCK00002057,APP0018377,Login,13,Tier 1
TCK00002058,APP0018379,Login,19,Tier 2
TCK00002059,APP0018409,Upload,24,Tier 2
TCK00002060,APP0018411,Status Inquiry,16,Tier 1
TCK00002061,APP0018419,Upload,17,Tier 3
TCK00002062,APP0018433,Upload,28,Tier 1
TCK00002063,APP0018438,Upload,22,Tier 1
TCK00002064,APP0018451,Login,22,Tier 1
TCK00002065,APP0018456,Login,14,Tier 1
TCK00002066,APP0018461,Upload,23,Tier 2
TCK00002067,APP0018464,Upload,30,Tier 1
TCK00002068,APP0018474,Login,10,Tier 1
TCK00002069,APP0018483,Login,5,Tier 1
TCK00002070,APP0018485,Upload,11,Tier 1
TCK00002071,APP0018489,Status Inquiry,17,Tier 1
TCK00002072,APP0018497,Login,10,Tier 1
TCK00002073,APP0018504,Upload,4,Tier 1
TCK00002074,APP0018511,Upload,31,Tier 1
TCK00002075,APP0018535,Status Inquiry,14,Tier 1
TCK00002076,APP0018557,Login,11,Tier 1
TCK00002077,APP0018564,Upload,1,Tier 2
TCK00002078,APP0018609,Login,25,Tier 1
TCK00002079,APP0018622,Status Inquiry,5,Tier 2
TCK00002080,APP0018636,Upload,28,Tier 2
TCK00002081,APP0018644,Upload,22,Tier 1
TCK00002082,APP0018662,Status Inquiry,19,Tier 1
TCK00002083,APP0018674,Status Inquiry,16,Tier 1
TCK00002084,APP0018686,Status Inquiry,25,Tier 1
TCK00002085,APP0018693,Upload,13,Tier 2
TCK00002086,APP0018695,Status Inquiry,21,Tier 1
TCK00002087,APP0018699,Login,14,Tier 1
TCK00002088,APP0018708,Login,15,Tier 2
TCK00002089,APP0018710,Login,30,Tier 3
TCK00002090,APP0018718,Upload,27,Tier 2
TCK00002091,APP0018724,Upload,10,Tier 2
TCK00002092,APP0018733,Upload,11,Tier 1
TCK00002093,APP0018758,Upload,18,Tier 1
TCK00002094,APP0018759,Login,17,Tier 1
TCK00002095,APP0018788,Upload,22,Tier 1
TCK00002096,APP0018795,Upload,15,Tier 2
TCK00002097,APP0018801,Login,9,Tier 2
TCK00002098,APP0018820,Upload,24,Tier 2
TCK00002099,APP0018822,Login,16,Tier 1
TCK00002100,APP0018825,Upload,23,Tier 1
TCK00002101,APP0018839,Status Inquiry,10,Tier 1
TCK00002102,APP0018840,Login,30,Tier 1
TCK00002103,APP0018850,Status Inquiry,20,Tier 1
TCK00002104,APP0018851,Login,20,Tier 1
TCK00002105,APP0018861,Upload,21,Tier 2
TCK00002106,APP0018872,Upload,5,Tier 1
TCK00002107,APP0018892,Login,23,Tier 2
TCK00002108,APP0018893,Upload,13,Tier 1
TCK00002109,APP0018894,Login,9,Tier 2
TCK00002110,APP0018910,Upload,21,Tier 1
TCK00002111,APP0018913,Status Inquiry,32,Tier 2
TCK00002112,APP0018914,Upload,12,Tier 3
TCK00002113,APP0018917,Login,30,Tier 2
TCK00002114,APP0018926,Upload,1,Tier 2
TCK00002115,APP0018929,Upload,20,Tier 1
TCK00002116,APP0018930,Upload,13,Tier 2
TCK00002117,APP0018936,Upload,20,Tier 2
TCK00002118,APP0018940,Status Inquiry,35,Tier 1
TCK00002119,APP0018942,Status Inquiry,23,Tier 1
TCK00002120,APP0018946,Login,6,Tier 2
TCK00002121,APP0018957,Login,29,Tier 2
TCK00002122,APP0018965,Status Inquiry,9,Tier 1
TCK00002123,APP0018978,Login,13,Tier 2
TCK00002124,APP0018979,Upload,10,Tier 1
TCK00002125,APP0018983,Login,19,Tier 1
TCK00002126,APP0018984,Status Inquiry,17,Tier 1
TCK00002127,APP0018993,Status Inquiry,31,Tier 1
TCK00002128,APP0019017,Status Inquiry,20,Tier 1
TCK00002129,APP0019019,Upload,23,Tier 1
TCK00002130,APP0019042,Other,16,Tier 2
TCK00002131,APP0019047,Upload,27,Tier 1
TCK00002132,APP0019077,Upload,9,Tier 1
TCK00002133,APP0019078,Other,6,Tier 1
TCK00002134,APP0019080,Login,25,Tier 2
TCK00002135,APP0019082,Status Inquiry,24,Tier 1
TCK00002136,APP0019095,Upload,18,Tier 1
TCK00002137,APP0019120,Status Inquiry,36,Tier 1
TCK00002138,APP0019125,Status Inquiry,10,Tier 1
TCK00002139,APP0019127,Login,29,Tier 1
TCK00002140,APP0019133,Upload,30,Tier 2
TCK00002141,APP0019136,Login,8,Tier 1
TCK00002142,APP0019163,Login,22,Tier 2
TCK00002143,APP0019170,Upload,24,Tier 3
TCK00002144,APP0019171,Status Inquiry,17,Tier 1
TCK00002145,APP0019179,Login,17,Tier 1
TCK00002146,APP0019180,Status Inquiry,17,Tier 1
TCK00002147,APP0019189,Upload,11,Tier 1
TCK00002148,APP0019192,Status Inquiry,7,Tier 1
TCK00002149,APP0019199,Status Inquiry,24,Tier 2
TCK00002150,APP0019209,Status Inquiry,20,Tier 2
TCK00002151,APP0019216,Other,18,Tier 2
TCK00002152,APP0019231,Upload,22,Tier 1
TCK00002153,APP0019235,Login,11,Tier 1
TCK00002154,APP0019263,Status Inquiry,13,Tier 1
TCK00002155,APP0019268,Other,24,Tier 1
TCK00002156,APP0019272,Upload,18,Tier 1
TCK00002157,APP0019276,Login,22,Tier 1
TCK00002158,APP0019281,Status Inquiry,27,Tier 1
TCK00002159,APP0019286,Upload,32,Tier 2
TCK00002160,APP0019289,Status Inquiry,10,Tier 1
TCK00002161,APP0019291,Upload,13,Tier 1
TCK00002162,APP0019294,Status Inquiry,6,Tier 1
TCK00002163,APP0019303,Upload,12,Tier 1
TCK00002164,APP0019307,Upload,22,Tier 1
TCK00002165,APP0019312,Login,13,Tier 2
TCK00002166,APP0019343,Status Inquiry,35,Tier 2
TCK00002167,APP0019365,Other,14,Tier 1
TCK00002168,APP0019369,Other,3,Tier 1
TCK00002169,APP0019372,Status Inquiry,11,Tier 2
TCK00002170,APP0019395,Login,35,Tier 1
TCK00002171,APP0019397,Status Inquiry,11,Tier 1
TCK00002172,APP0019406,Login,17,Tier 1
TCK00002173,APP0019412,Status Inquiry,11,Tier 1
TCK00002174,APP0019452,Upload,9,Tier 1
TCK00002175,APP0019465,Other,27,Tier 2
TCK00002176,APP0019469,Other,8,Tier 2
TCK00002177,APP0019512,Upload,3,Tier 1
TCK00002178,APP0019525,Status Inquiry,12,Tier 1
TCK00002179,APP0019528,Status Inquiry,12,Tier 1
TCK00002180,APP0019534,Upload,21,Tier 1
TCK00002181,APP0019540,Login,19,Tier 2
TCK00002182,APP0019544,Login,28,Tier 1
TCK00002183,APP0019556,Upload,16,Tier 2
TCK00002184,APP0019563,Login,21,Tier 1
TCK00002185,APP0019584,Status Inquiry,22,Tier 1
TCK00002186,APP0019588,Upload,26,Tier 1
TCK00002187,APP0019595,Status Inquiry,8,Tier 2
TCK00002188,APP0019641,Status Inquiry,15,Tier 1
TCK00002189,APP0019652,Status Inquiry,1,Tier 2
TCK00002190,APP0019665,Upload,11,Tier 1
TCK00002191,APP0019674,Status Inquiry,8,Tier 2
TCK00002192,APP0019677,Status Inquiry,11,Tier 1
TCK00002193,APP0019680,Status Inquiry,30,Tier 1
TCK00002194,APP0019685,Upload,26,Tier 1
TCK00002195,APP0019701,Upload,5,Tier 1
TCK00002196,APP0019703,Login,32,Tier 1
TCK00002197,APP0019712,Status Inquiry,28,Tier 1
TCK00002198,APP0019713,Status Inquiry,19,Tier 1
TCK00002199,APP0019727,Status Inquiry,17,Tier 1
TCK00002200,APP0019729,Upload,17,Tier 1
TCK00002201,APP0019777,Upload,17,Tier 1
TCK00002202,APP0019792,Upload,23,Tier 1
TCK00002203,APP0019795,Login,15,Tier 1
TCK00002204,APP0019816,Status Inquiry,26,Tier 1
TCK00002205,APP0019819,Other,15,Tier 1
TCK00002206,APP0019830,Upload,12,Tier 2
TCK00002207,APP0019842,Upload,16,Tier 1
TCK00002208,APP0019850,Status Inquiry,20,Tier 1
TCK00002209,APP0019852,Upload,21,Tier 1
TCK00002210,APP0019854,Upload,17,Tier 3
TCK00002211,APP0019858,Upload,5,Tier 2
TCK00002212,APP0019888,Upload,7,Tier 1
TCK00002213,APP0019901,Other,4,Tier 1
TCK00002214,APP0019902,Upload,15,Tier 1
TCK00002215,APP0019927,Status Inquiry,23,Tier 3
TCK00002216,APP0019955,Upload,18,Tier 1
TCK00002217,APP0019963,Login,17,Tier 1
TCK00002218,APP0019977,Upload,14,Tier 1
TCK00002219,APP0019986,Upload,15,Tier 1
TCK00002220,APP0019987,Upload,12,Tier 1
TCK00002221,APP0019989,Login,26,Tier 2
TCK00002222,APP0020005,Status Inquiry,8,Tier 1
TCK00002223,APP0020007,Login,10,Tier 1
TCK00002224,APP0020019,Login,21,Tier 1
TCK00002225,APP0020020,Login,15,Tier 1
TCK00002226,APP0020028,Login,23,Tier 1
TCK00002227,APP0020029,Login,14,Tier 1
TCK00002228,APP0020030,Upload,21,Tier 3
TCK00002229,APP0020035,Upload,19,Tier 1
TCK00002230,APP0020047,Upload,7,Tier 2
TCK00002231,APP0020062,Upload,22,Tier 1
TCK00002232,APP0020063,Upload,28,Tier 1
TCK00002233,APP0020083,Status Inquiry,12,Tier 2
TCK00002234,APP0020092,Status Inquiry,17,Tier 1
TCK00002235,APP0020097,Status Inquiry,23,Tier 1
TCK00002236,APP0020103,Upload,30,Tier 1
TCK00002237,APP0020136,Upload,20,Tier 1
TCK00002238,APP0020138,Upload,36,Tier 1
TCK00002239,APP0020139,Upload,14,Tier 1
TCK00002240,APP0020153,Upload,33,Tier 1
TCK00002241,APP0020154,Login,12,Tier 2
TCK00002242,APP0020169,Status Inquiry,17,Tier 2
TCK00002243,APP0020172,Other,10,Tier 1
TCK00002244,APP0020183,Upload,26,Tier 1
TCK00002245,APP0020202,Other,23,Tier 2
TCK00002246,APP0020203,Other,4,Tier 1
TCK00002247,APP0020225,Upload,1,Tier 1
TCK00002248,APP0020230,Login,35,Tier 1
TCK00002249,APP0020248,Login,15,Tier 1
TCK00002250,APP0020258,Upload,4,Tier 1
TCK00002251,APP0020292,Other,10,Tier 1
TCK00002252,APP0020294,Login,14,Tier 2
TCK00002253,APP0020310,Status Inquiry,30,Tier 1
TCK00002254,APP0020347,Status Inquiry,21,Tier 2
TCK00002255,APP0020375,Status Inquiry,18,Tier 1
TCK00002256,APP0020385,Upload,10,Tier 1
TCK00002257,APP0020387,Login,23,Tier 2
TCK00002258,APP0020390,Login,4,Tier 1
TCK00002259,APP0020392,Other,27,Tier 1
TCK00002260,APP0020394,Status Inquiry,25,Tier 1
TCK00002261,APP0020404,Status Inquiry,14,Tier 1
TCK00002262,APP0020406,Login,6,Tier 1
TCK00002263,APP0020419,Status Inquiry,13,Tier 2
TCK00002264,APP0020453,Upload,17,Tier 1
TCK00002265,APP0020462,Other,34,Tier 1
TCK00002266,APP0020465,Upload,31,Tier 2
TCK00002267,APP0020471,Upload,12,Tier 1
TCK00002268,APP0020474,Login,12,Tier 2
TCK00002269,APP0020483,Upload,7,Tier 1
TCK00002270,APP0020494,Login,21,Tier 2
TCK00002271,APP0020503,Login,13,Tier 2
TCK00002272,APP0020519,Upload,23,Tier 2
TCK00002273,APP0020522,Status Inquiry,18,Tier 1
TCK00002274,APP0020527,Status Inquiry,13,Tier 2
TCK00002275,APP0020544,Upload,10,Tier 1
TCK00002276,APP0020547,Other,5,Tier 1
TCK00002277,APP0020558,Login,22,Tier 1
TCK00002278,APP0020581,Other,7,Tier 1
TCK00002279,APP0020597,Upload,23,Tier 2
TCK00002280,APP0020608,Upload,4,Tier 1
TCK00002281,APP0020623,Status Inquiry,1,Tier 2
TCK00002282,APP0020628,Other,18,Tier 2
TCK00002283,APP0020636,Login,13,Tier 1
TCK00002284,APP0020638,Status Inquiry,25,Tier 1
TCK00002285,APP0020645,Status Inquiry,18,Tier 1
TCK00002286,APP0020646,Status Inquiry,17,Tier 1
TCK00002287,APP0020652,Upload,25,Tier 2
TCK00002288,APP0020705,Status Inquiry,12,Tier 1
TCK00002289,APP0020721,Status Inquiry,23,Tier 1
TCK00002290,APP0020725,Other,37,Tier 1
TCK00002291,APP0020739,Status Inquiry,19,Tier 1
TCK00002292,APP0020745,Status Inquiry,10,Tier 1
TCK00002293,APP0020747,Status Inquiry,17,Tier 1
TCK00002294,APP0020754,Login,11,Tier 1
TCK00002295,APP0020755,Upload,15,Tier 1
TCK00002296,APP0020756,Status Inquiry,31,Tier 2
TCK00002297,APP0020758,Other,10,Tier 1
TCK00002298,APP0020769,Login,8,Tier 1
TCK00002299,APP0020777,Status Inquiry,22,Tier 1
TCK00002300,APP0020780,Upload,14,Tier 1
TCK00002301,APP0020786,Upload,16,Tier 2
TCK00002302,APP0020798,Other,13,Tier 1
TCK00002303,APP0020808,Login,20,Tier 1
TCK00002304,APP0020818,Status Inquiry,30,Tier 1
TCK00002305,APP0020819,Upload,23,Tier 1
TCK00002306,APP0020823,Login,14,Tier 1
TCK00002307,APP0020833,Login,15,Tier 1
TCK00002308,APP0020835,Login,10,Tier 1
TCK00002309,APP0020853,Status Inquiry,11,Tier 1
TCK00002310,APP0020877,Upload,25,Tier 1
TCK00002311,APP0020885,Login,22,Tier 1
TCK00002312,APP0020887,Upload,22,Tier 1
TCK00002313,APP0020890,Login,22,Tier 2
TCK00002314,APP0020900,Upload,13,Tier 1
TCK00002315,APP0020901,Login,18,Tier 2
TCK00002316,APP0020904,Upload,22,Tier 2
TCK00002317,APP0020918,Status Inquiry,31,Tier 1
TCK00002318,APP0020940,Upload,20,Tier 3
TCK00002319,APP0020960,Login,18,Tier 1
TCK00002320,APP0020964,Login,12,Tier 1
TCK00002321,APP0020977,Upload,26,Tier 2
TCK00002322,APP0020988,Status Inquiry,16,Tier 1
TCK00002323,APP0020989,Status Inquiry,20,Tier 1
TCK00002324,APP0021004,Login,21,Tier 1
TCK00002325,APP0021006,Login,12,Tier 1
TCK00002326,APP0021008,Upload,20,Tier 1
TCK00002327,APP0021010,Other,27,Tier 1
TCK00002328,APP0021011,Other,11,Tier 1
TCK00002329,APP0021015,Upload,14,Tier 2
TCK00002330,APP0021022,Upload,11,Tier 1
TCK00002331,APP0021026,Other,19,Tier 1
TCK00002332,APP0021048,Upload,35,Tier 1
TCK00002333,APP0021049,Status Inquiry,21,Tier 2
TCK00002334,APP0021050,Status Inquiry,28,Tier 1
TCK00002335,APP0021054,Other,20,Tier 1
TCK00002336,APP0021079,Status Inquiry,15,Tier 2
TCK00002337,APP0021089,Login,18,Tier 2
TCK00002338,APP0021097,Status Inquiry,20,Tier 1
TCK00002339,APP0021124,Upload,16,Tier 1
TCK00002340,APP0021125,Other,17,Tier 2
TCK00002341,APP0021141,Status Inquiry,19,Tier 1
TCK00002342,APP0021145,Login,13,Tier 2
TCK00002343,APP0021158,Login,30,Tier 1
TCK00002344,APP0021168,Upload,21,Tier 3
TCK00002345,APP0021180,Upload,17,Tier 2
TCK00002346,APP0021198,Upload,13,Tier 1
TCK00002347,APP0021207,Status Inquiry,21,Tier 1
TCK00002348,APP0021221,Other,12,Tier 1
TCK00002349,APP0021225,Status Inquiry,8,Tier 1
TCK00002350,APP0021229,Login,15,Tier 1
TCK00002351,APP0021230,Login,28,Tier 1
TCK00002352,APP0021272,Upload,16,Tier 1
TCK00002353,APP0021282,Login,19,Tier 2
TCK00002354,APP0021289,Login,10,Tier 1
TCK00002355,APP0021290,Other,22,Tier 2
TCK00002356,APP0021297,Login,14,Tier 2
TCK00002357,APP0021299,Other,13,Tier 2
TCK00002358,APP0021306,Other,12,Tier 3
TCK00002359,APP0021307,Upload,17,Tier 1
TCK00002360,APP0021312,Status Inquiry,10,Tier 2
TCK00002361,APP0021313,Login,15,Tier 1
TCK00002362,APP0021316,Upload,16,Tier 1
TCK00002363,APP0021334,Status Inquiry,10,Tier 1
TCK00002364,APP0021349,Login,2,Tier 1
TCK00002365,APP0021355,Login,21,Tier 1
TCK00002366,APP0021360,Status Inquiry,8,Tier 1
TCK00002367,APP0021363,Login,2,Tier 1
TCK00002368,APP0021366,Status Inquiry,18,Tier 1
TCK00002369,APP0021373,Status Inquiry,17,Tier 2
TCK00002370,APP0021375,Upload,27,Tier 2
TCK00002371,APP0021383,Upload,28,Tier 3
TCK00002372,APP0021391,Login,1,Tier 3
TCK00002373,APP0021405,Upload,13,Tier 1
TCK00002374,APP0021417,Login,20,Tier 1
TCK00002375,APP0021426,Upload,7,Tier 1
TCK00002376,APP0021448,Upload,27,Tier 2
TCK00002377,APP0021452,Other,21,Tier 2
TCK00002378,APP0021455,Login,12,Tier 1
TCK00002379,APP0021463,Upload,14,Tier 1
TCK00002380,APP0021467,Upload,20,Tier 2
TCK00002381,APP0021472,Upload,35,Tier 1
TCK00002382,APP0021477,Login,33,Tier 1
TCK00002383,APP0021481,Upload,6,Tier 1
TCK00002384,APP0021484,Upload,23,Tier 3
TCK00002385,APP0021492,Upload,6,Tier 2
TCK00002386,APP0021493,Status Inquiry,17,Tier 2
TCK00002387,APP0021500,Other,10,Tier 1
TCK00002388,APP0021501,Upload,16,Tier 1
TCK00002389,APP0021502,Upload,14,Tier 2
TCK00002390,APP0021506,Status Inquiry,21,Tier 1
TCK00002391,APP0021514,Login,12,Tier 2
TCK00002392,APP0021518,Upload,23,Tier 1
TCK00002393,APP0021519,Login,17,Tier 1
TCK00002394,APP0021523,Upload,11,Tier 1
TCK00002395,APP0021541,Upload,29,Tier 1
TCK00002396,APP0021544,Status Inquiry,20,Tier 1
TCK00002397,APP0021547,Status Inquiry,16,Tier 1
TCK00002398,APP0021552,Login,19,Tier 1
TCK00002399,APP0021553,Status Inquiry,23,Tier 1
TCK00002400,APP0021564,Upload,17,Tier 1
TCK00002401,APP0021565,Upload,13,Tier 1
TCK00002402,APP0021589,Login,17,Tier 1
TCK00002403,APP0021590,Login,13,Tier 1
TCK00002404,APP0021593,Upload,14,Tier 2
TCK00002405,APP0021609,Upload,31,Tier 1
TCK00002406,APP0021621,Status Inquiry,24,Tier 1
TCK00002407,APP0021622,Upload,28,Tier 1
TCK00002408,APP0021625,Upload,14,Tier 3
TCK00002409,APP0021628,Login,4,Tier 1
TCK00002410,APP0021641,Other,15,Tier 1
TCK00002411,APP0021647,Status Inquiry,22,Tier 1
TCK00002412,APP0021655,Upload,14,Tier 1
TCK00002413,APP0021664,Login,19,Tier 3
TCK00002414,APP0021683,Upload,10,Tier 2
TCK00002415,APP0021693,Status Inquiry,22,Tier 1
TCK00002416,APP0021694,Other,14,Tier 1
TCK00002417,APP0021695,Login,18,Tier 1
TCK00002418,APP0021698,Status Inquiry,23,Tier 1
TCK00002419,APP0021722,Upload,12,Tier 1
TCK00002420,APP0021743,Upload,9,Tier 1
TCK00002421,APP0021749,Other,11,Tier 1
TCK00002422,APP0021782,Other,22,Tier 1
TCK00002423,APP0021817,Login,15,Tier 1
TCK00002424,APP0021820,Upload,26,Tier 2
TCK00002425,APP0021845,Upload,22,Tier 2
TCK00002426,APP0021846,Upload,27,Tier 1
TCK00002427,APP0021863,Upload,19,Tier 1
TCK00002428,APP0021868,Status Inquiry,27,Tier 1
TCK00002429,APP0021871,Upload,24,Tier 1
TCK00002430,APP0021877,Upload,2,Tier 1
TCK00002431,APP0021882,Upload,29,Tier 1
TCK00002432,APP0021896,Upload,25,Tier 1
TCK00002433,APP0021899,Upload,15,Tier 1
TCK00002434,APP0021901,Upload,8,Tier 1
TCK00002435,APP0021904,Status Inquiry,3,Tier 2
TCK00002436,APP0021922,Login,19,Tier 1
TCK00002437,APP0021923,Upload,11,Tier 1
TCK00002438,APP0021932,Upload,9,Tier 1
TCK00002439,APP0021938,Upload,10,Tier 1
TCK00002440,APP0021947,Login,5,Tier 2
TCK00002441,APP0021954,Login,25,Tier 1
TCK00002442,APP0021957,Status Inquiry,11,Tier 2
TCK00002443,APP0021964,Upload,18,Tier 1
TCK00002444,APP0021993,Status Inquiry,19,Tier 1
TCK00002445,APP0022010,Upload,21,Tier 1
TCK00002446,APP0022011,Status Inquiry,17,Tier 1
TCK00002447,APP0022012,Upload,24,Tier 1
TCK00002448,APP0022016,Login,13,Tier 2
TCK00002449,APP0022021,Status Inquiry,35,Tier 1
TCK00002450,APP0022030,Upload,5,Tier 2
TCK00002451,APP0022043,Upload,23,Tier 1
TCK00002452,APP0022047,Login,35,Tier 1
TCK00002453,APP0022049,Login,10,Tier 1
TCK00002454,APP0022056,Login,29,Tier 1
TCK00002455,APP0022058,Upload,34,Tier 1
TCK00002456,APP0022063,Upload,14,Tier 1
TCK00002457,APP0022069,Login,30,Tier 1
TCK00002458,APP0022102,Login,13,Tier 1
TCK00002459,APP0022110,Login,20,Tier 2
TCK00002460,APP0022112,Status Inquiry,16,Tier 1
TCK00002461,APP0022127,Login,10,Tier 1
TCK00002462,APP0022130,Login,9,Tier 2
TCK00002463,APP0022139,Status Inquiry,13,Tier 1
TCK00002464,APP0022148,Other,6,Tier 2
TCK00002465,APP0022166,Other,19,Tier 1
TCK00002466,APP0022168,Other,19,Tier 2
TCK00002467,APP0022169,Login,27,Tier 3
TCK00002468,APP0022187,Status Inquiry,21,Tier 2
TCK00002469,APP0022189,Upload,17,Tier 1
TCK00002470,APP0022204,Upload,15,Tier 1
TCK00002471,APP0022211,Login,37,Tier 2
TCK00002472,APP0022218,Upload,6,Tier 1
TCK00002473,APP0022230,Login,7,Tier 1
TCK00002474,APP0022236,Login,36,Tier 1
TCK00002475,APP0022250,Upload,26,Tier 2
TCK00002476,APP0022252,Login,19,Tier 1
TCK00002477,APP0022261,Upload,22,Tier 2
TCK00002478,APP0022276,Upload,26,Tier 2
TCK00002479,APP0022337,Status Inquiry,6,Tier 1
TCK00002480,APP0022354,Upload,15,Tier 1
TCK00002481,APP0022357,Login,24,Tier 2
TCK00002482,APP0022370,Status Inquiry,23,Tier 1
TCK00002483,APP0022404,Upload,27,Tier 1
TCK00002484,APP0022419,Upload,20,Tier 1
TCK00002485,APP0022441,Login,15,Tier 1
TCK00002486,APP0022446,Login,13,Tier 1
TCK00002487,APP0022462,Status Inquiry,23,Tier 1
TCK00002488,APP0022473,Status Inquiry,18,Tier 2
TCK00002489,APP0022483,Status Inquiry,22,Tier 1
TCK00002490,APP0022488,Other,29,Tier 2
TCK00002491,APP0022491,Other,28,Tier 2
TCK00002492,APP0022495,Status Inquiry,8,Tier 1
TCK00002493,APP0022503,Login,27,Tier 1
TCK00002494,APP0022509,Upload,10,Tier 3
TCK00002495,APP0022540,Upload,5,Tier 1
TCK00002496,APP0022556,Other,35,Tier 1
TCK00002497,APP0022559,Login,21,Tier 1
TCK00002498,APP0022563,Login,14,Tier 2
TCK00002499,APP0022565,Status Inquiry,15,Tier 2
TCK00002500,APP0022592,Upload,26,Tier 1
TCK00002501,APP0022593,Login,34,Tier 1
TCK00002502,APP0022596,Upload,29,Tier 1
TCK00002503,APP0022597,Upload,17,Tier 1
TCK00002504,APP0022609,Other,9,Tier 2
TCK00002505,APP0022612,Other,17,Tier 1
TCK00002506,APP0022615,Login,27,Tier 1
TCK00002507,APP0022625,Login,22,Tier 1
TCK00002508,APP0022629,Status Inquiry,8,Tier 1
TCK00002509,APP0022638,Login,19,Tier 1
TCK00002510,APP0022678,Status Inquiry,23,Tier 1
TCK00002511,APP0022680,Login,11,Tier 1
TCK00002512,APP0022707,Other,26,Tier 1
TCK00002513,APP0022719,Upload,30,Tier 1
TCK00002514,APP0022720,Status Inquiry,26,Tier 1
TCK00002515,APP0022721,Status Inquiry,12,Tier 2
TCK00002516,APP0022732,Login,16,Tier 3
TCK00002517,APP0022756,Login,18,Tier 1
TCK00002518,APP0022760,Upload,16,Tier 1
TCK00002519,APP0022775,Upload,25,Tier 1
TCK00002520,APP0022808,Upload,19,Tier 1
TCK00002521,APP0022809,Status Inquiry,18,Tier 1
TCK00002522,APP0022837,Login,21,Tier 2
TCK00002523,APP0022846,Login,15,Tier 1
TCK00002524,APP0022875,Login,8,Tier 1
TCK00002525,APP0022880,Upload,19,Tier 2
TCK00002526,APP0022888,Status Inquiry,16,Tier 2
TCK00002527,APP0022889,Login,24,Tier 3
TCK00002528,APP0022890,Status Inquiry,20,Tier 1
TCK00002529,APP0022895,Upload,16,Tier 2
TCK00002530,APP0022896,Login,27,Tier 1
TCK00002531,APP0022907,Other,18,Tier 1
TCK00002532,APP0022908,Upload,8,Tier 1
TCK00002533,APP0022920,Login,31,Tier 1
TCK00002534,APP0022928,Status Inquiry,28,Tier 1
TCK00002535,APP0022936,Status Inquiry,18,Tier 1
TCK00002536,APP0022944,Login,6,Tier 3
TCK00002537,APP0022953,Other,10,Tier 1
TCK00002538,APP0022966,Status Inquiry,26,Tier 1
TCK00002539,APP0022972,Status Inquiry,18,Tier 1
TCK00002540,APP0022975,Status Inquiry,16,Tier 1
TCK00002541,APP0022978,Upload,22,Tier 1
TCK00002542,APP0022992,Status Inquiry,14,Tier 2
TCK00002543,APP0022993,Status Inquiry,14,Tier 2
TCK00002544,APP0023013,Upload,28,Tier 1
TCK00002545,APP0023023,Login,22,Tier 3
TCK00002546,APP0023027,Upload,24,Tier 1
TCK00002547,APP0023036,Login,23,Tier 1
TCK00002548,APP0023038,Upload,27,Tier 1
TCK00002549,APP0023046,Status Inquiry,25,Tier 1
TCK00002550,APP0023068,Status Inquiry,12,Tier 1
TCK00002551,APP0023069,Status Inquiry,17,Tier 1
TCK00002552,APP0023090,Status Inquiry,31,Tier 1
TCK00002553,APP0023094,Other,20,Tier 1
TCK00002554,APP0023097,Status Inquiry,32,Tier 2
TCK00002555,APP0023100,Upload,16,Tier 3
TCK00002556,APP0023105,Status Inquiry,7,Tier 1
TCK00002557,APP0023108,Upload,19,Tier 1
TCK00002558,APP0023110,Login,14,Tier 1
TCK00002559,APP0023114,Status Inquiry,13,Tier 1
TCK00002560,APP0023127,Upload,13,Tier 2
TCK00002561,APP0023131,Status Inquiry,2,Tier 1
TCK00002562,APP0023143,Status Inquiry,23,Tier 1
TCK00002563,APP0023146,Status Inquiry,17,Tier 2
TCK00002564,APP0023150,Login,11,Tier 1
TCK00002565,APP0023154,Upload,6,Tier 1
TCK00002566,APP0023159,Other,24,Tier 1
TCK00002567,APP0023165,Upload,19,Tier 1
TCK00002568,APP0023167,Upload,24,Tier 1
TCK00002569,APP0023169,Upload,21,Tier 1
TCK00002570,APP0023174,Upload,24,Tier 1
TCK00002571,APP0023193,Upload,18,Tier 1
TCK00002572,APP0023207,Login,7,Tier 2
TCK00002573,APP0023210,Upload,20,Tier 1
TCK00002574,APP0023212,Upload,25,Tier 2
TCK00002575,APP0023226,Login,7,Tier 1
TCK00002576,APP0023234,Upload,15,Tier 1
TCK00002577,APP0023236,Other,30,Tier 2
TCK00002578,APP0023250,Upload,9,Tier 1
TCK00002579,APP0023251,Login,29,Tier 1
TCK00002580,APP0023254,Status Inquiry,11,Tier 1
TCK00002581,APP0023265,Upload,5,Tier 1
TCK00002582,APP0023298,Upload,14,Tier 1
TCK00002583,APP0023302,Login,13,Tier 2
TCK00002584,APP0023305,Upload,25,Tier 2
TCK00002585,APP0023309,Upload,1,Tier 1
TCK00002586,APP0023317,Upload,10,Tier 1
TCK00002587,APP0023319,Upload,10,Tier 1
TCK00002588,APP0023320,Upload,9,Tier 1
TCK00002589,APP0023323,Status Inquiry,18,Tier 2
TCK00002590,APP0023344,Upload,13,Tier 1
TCK00002591,APP0023346,Login,17,Tier 1
TCK00002592,APP0023351,Status Inquiry,15,Tier 3
TCK00002593,APP0023356,Status Inquiry,26,Tier 1
TCK00002594,APP0023366,Status Inquiry,12,Tier 2
TCK00002595,APP0023368,Upload,17,Tier 1
TCK00002596,APP0023370,Status Inquiry,24,Tier 1
TCK00002597,APP0023372,Upload,21,Tier 2
TCK00002598,APP0023379,Upload,17,Tier 1
TCK00002599,APP0023385,Upload,24,Tier 2
TCK00002600,APP0023406,Upload,21,Tier 2
TCK00002601,APP0023408,Status Inquiry,21,Tier 2
TCK00002602,APP0023423,Login,18,Tier 1
TCK00002603,APP0023424,Login,25,Tier 2
TCK00002604,APP0023429,Upload,26,Tier 1
TCK00002605,APP0023459,Upload,13,Tier 1
TCK00002606,APP0023460,Login,22,Tier 1
TCK00002607,APP0023467,Status Inquiry,21,Tier 1
TCK00002608,APP0023468,Upload,23,Tier 1
TCK00002609,APP0023484,Login,12,Tier 1
TCK00002610,APP0023499,Upload,9,Tier 1
TCK00002611,APP0023523,Upload,17,Tier 1
TCK00002612,APP0023529,Status Inquiry,27,Tier 2
TCK00002613,APP0023533,Login,10,Tier 1
TCK00002614,APP0023535,Upload,26,Tier 1
TCK00002615,APP0023546,Status Inquiry,18,Tier 2
TCK00002616,APP0023547,Status Inquiry,20,Tier 2
TCK00002617,APP0023569,Login,20,Tier 1
TCK00002618,APP0023574,Status Inquiry,16,Tier 1
TCK00002619,APP0023578,Status Inquiry,16,Tier 1
TCK00002620,APP0023583,Upload,23,Tier 1
TCK00002621,APP0023586,Login,30,Tier 2
TCK00002622,APP0023598,Upload,20,Tier 1
TCK00002623,APP0023600,Upload,22,Tier 2
TCK00002624,APP0023618,Upload,12,Tier 1
TCK00002625,APP0023627,Upload,17,Tier 2
TCK00002626,APP0023628,Login,27,Tier 1
TCK00002627,APP0023647,Status Inquiry,27,Tier 1
TCK00002628,APP0023657,Login,16,Tier 2
TCK00002629,APP0023664,Status Inquiry,18,Tier 2
TCK00002630,APP0023675,Login,15,Tier 2
TCK00002631,APP0023676,Status Inquiry,12,Tier 1
TCK00002632,APP0023683,Other,22,Tier 1
TCK00002633,APP0023685,Login,15,Tier 1
TCK00002634,APP0023691,Login,30,Tier 1
TCK00002635,APP0023692,Upload,1,Tier 1
TCK00002636,APP0023716,Status Inquiry,4,Tier 1
TCK00002637,APP0023717,Upload,8,Tier 1
TCK00002638,APP0023721,Login,18,Tier 2
TCK00002639,APP0023727,Login,16,Tier 1
TCK00002640,APP0023728,Other,11,Tier 2
TCK00002641,APP0023733,Login,1,Tier 1
TCK00002642,APP0023749,Upload,19,Tier 1
TCK00002643,APP0023760,Upload,5,Tier 2
TCK00002644,APP0023771,Status Inquiry,29,Tier 2
TCK00002645,APP0023775,Status Inquiry,19,Tier 1
TCK00002646,APP0023778,Upload,12,Tier 2
TCK00002647,APP0023779,Login,15,Tier 1
TCK00002648,APP0023792,Status Inquiry,30,Tier 2
TCK00002649,APP0023833,Login,15,Tier 1
TCK00002650,APP0023871,Upload,8,Tier 1
TCK00002651,APP0023872,Upload,1,Tier 1
TCK00002652,APP0023878,Upload,16,Tier 1
TCK00002653,APP0023879,Upload,11,Tier 1
TCK00002654,APP0023890,Status Inquiry,26,Tier 1
TCK00002655,APP0023900,Status Inquiry,19,Tier 1
TCK00002656,APP0023911,Upload,26,Tier 1
TCK00002657,APP0023913,Login,14,Tier 2
TCK00002658,APP0023916,Login,11,Tier 1
TCK00002659,APP0023927,Upload,25,Tier 1
TCK00002660,APP0023939,Other,16,Tier 1
TCK00002661,APP0023946,Other,12,Tier 1
TCK00002662,APP0023962,Status Inquiry,17,Tier 2
TCK00002663,APP0024004,Upload,25,Tier 1
TCK00002664,APP0024020,Status Inquiry,12,Tier 1
TCK00002665,APP0024031,Login,33,Tier 1
TCK00002666,APP0024042,Status Inquiry,22,Tier 1
TCK00002667,APP0024043,Status Inquiry,8,Tier 1
TCK00002668,APP0024054,Status Inquiry,9,Tier 1
TCK00002669,APP0024068,Status Inquiry,17,Tier 2
TCK00002670,APP0024090,Login,15,Tier 2
TCK00002671,APP0024098,Upload,15,Tier 2
TCK00002672,APP0024109,Login,16,Tier 1
TCK00002673,APP0024111,Other,20,Tier 2
TCK00002674,APP0024125,Other,16,Tier 1
TCK00002675,APP0024128,Other,13,Tier 2
TCK00002676,APP0024140,Status Inquiry,3,Tier 2
TCK00002677,APP0024150,Status Inquiry,30,Tier 3
TCK00002678,APP0024160,Upload,18,Tier 1
TCK00002679,APP0024163,Upload,22,Tier 2
TCK00002680,APP0024180,Login,19,Tier 1
TCK00002681,APP0024199,Status Inquiry,28,Tier 1
TCK00002682,APP0024205,Login,18,Tier 1
TCK00002683,APP0024208,Login,27,Tier 1
TCK00002684,APP0024236,Login,13,Tier 1
TCK00002685,APP0024253,Upload,16,Tier 1
TCK00002686,APP0024266,Status Inquiry,22,Tier 2
TCK00002687,APP0024270,Upload,22,Tier 2
TCK00002688,APP0024282,Login,27,Tier 1
TCK00002689,APP0024291,Upload,13,Tier 1
TCK00002690,APP0024293,Upload,21,Tier 1
TCK00002691,APP0024300,Status Inquiry,13,Tier 2
TCK00002692,APP0024315,Status Inquiry,6,Tier 1
TCK00002693,APP0024320,Login,25,Tier 2
TCK00002694,APP0024365,Login,17,Tier 1
TCK00002695,APP0024373,Login,10,Tier 1
TCK00002696,APP0024388,Status Inquiry,12,Tier 1
TCK00002697,APP0024395,Other,22,Tier 1
TCK00002698,APP0024398,Other,17,Tier 2
TCK00002699,APP0024400,Upload,17,Tier 2
TCK00002700,APP0024402,Status Inquiry,23,Tier 1
TCK00002701,APP0024420,Status Inquiry,17,Tier 1
TCK00002702,APP0024422,Status Inquiry,3,Tier 1
TCK00002703,APP0024443,Upload,24,Tier 2
TCK00002704,APP0024463,Login,14,Tier 1
TCK00002705,APP0024466,Login,15,Tier 1
TCK00002706,APP0024478,Login,1,Tier 1
TCK00002707,APP0024482,Other,1,Tier 1
TCK00002708,APP0024488,Other,18,Tier 1
TCK00002709,APP0024494,Upload,14,Tier 1
TCK00002710,APP0024499,Upload,17,Tier 1
TCK00002711,APP0024501,Status Inquiry,20,Tier 1
TCK00002712,APP0024503,Upload,24,Tier 1
TCK00002713,APP0024505,Status Inquiry,28,Tier 2
TCK00002714,APP0024510,Upload,27,Tier 2
TCK00002715,APP0024523,Status Inquiry,10,Tier 3
TCK00002716,APP0024524,Upload,11,Tier 1
TCK00002717,APP0024533,Status Inquiry,18,Tier 2
TCK00002718,APP0024534,Login,29,Tier 1
TCK00002719,APP0024547,Login,26,Tier 1
TCK00002720,APP0024553,Status Inquiry,13,Tier 1
TCK00002721,APP0024558,Status Inquiry,8,Tier 1
TCK00002722,APP0024560,Login,20,Tier 2
TCK00002723,APP0024568,Status Inquiry,16,Tier 1
TCK00002724,APP0024578,Status Inquiry,23,Tier 1
TCK00002725,APP0024579,Login,24,Tier 1
TCK00002726,APP0024580,Upload,20,Tier 1
TCK00002727,APP0024586,Other,11,Tier 1
TCK00002728,APP0024590,Upload,8,Tier 1
TCK00002729,APP0024597,Status Inquiry,15,Tier 1
TCK00002730,APP0024601,Status Inquiry,21,Tier 2
TCK00002731,APP0024606,Status Inquiry,17,Tier 1
TCK00002732,APP0024607,Status Inquiry,23,Tier 1
TCK00002733,APP0024616,Status Inquiry,14,Tier 1
TCK00002734,APP0024628,Upload,26,Tier 1
TCK00002735,APP0024641,Upload,20,Tier 1
TCK00002736,APP0024664,Status Inquiry,15,Tier 2
TCK00002737,APP0024674,Other,12,Tier 1
TCK00002738,APP0024675,Status Inquiry,17,Tier 1
TCK00002739,APP0024680,Upload,18,Tier 1
TCK00002740,APP0024720,Upload,30,Tier 2
TCK00002741,APP0024727,Status Inquiry,18,Tier 1
TCK00002742,APP0024742,Other,23,Tier 2
TCK00002743,APP0024757,Upload,1,Tier 2
TCK00002744,APP0024758,Login,25,Tier 1
TCK00002745,APP0024762,Upload,17,Tier 2
TCK00002746,APP0024763,Upload,10,Tier 1
TCK00002747,APP0024796,Upload,1,Tier 1
TCK00002748,APP0024815,Login,11,Tier 2
TCK00002749,APP0024816,Status Inquiry,31,Tier 1
TCK00002750,APP0024817,Upload,24,Tier 1
TCK00002751,APP0024834,Upload,24,Tier 1
TCK00002752,APP0024844,Status Inquiry,14,Tier 1
TCK00002753,APP0024850,Login,23,Tier 3
TCK00002754,APP0024853,Other,23,Tier 1
TCK00002755,APP0024855,Login,20,Tier 2
TCK00002756,APP0024856,Status Inquiry,10,Tier 2
TCK00002757,APP0024858,Login,13,Tier 2
TCK00002758,APP0024869,Login,15,Tier 1
TCK00002759,APP0024885,Login,42,Tier 1
TCK00002760,APP0024887,Status Inquiry,2,Tier 2
TCK00002761,APP0024890,Status Inquiry,31,Tier 2
TCK00002762,APP0024908,Status Inquiry,29,Tier 2
TCK00002763,APP0024913,Upload,19,Tier 1
TCK00002764,APP0024914,Login,24,Tier 1
TCK00002765,APP0024915,Upload,21,Tier 2
TCK00002766,APP0024925,Status Inquiry,22,Tier 2
TCK00002767,APP0024936,Other,13,Tier 1
TCK00002768,APP0024937,Status Inquiry,2,Tier 1
TCK00002769,APP0024952,Upload,39,Tier 1
TCK00002770,APP0024968,Login,32,Tier 1
TCK00002771,APP0024969,Upload,7,Tier 1
TCK00002772,APP0025001,Login,27,Tier 1
TCK00002773,APP0025006,Upload,14,Tier 1
TCK00002774,APP0025008,Status Inquiry,21,Tier 1
TCK00002775,APP0025009,Upload,9,Tier 1
TCK00002776,APP0025018,Other,9,Tier 1
TCK00002777,APP0025019,Login,32,Tier 1
TCK00002778,APP0025036,Upload,14,Tier 2
TCK00002779,APP0025040,Status Inquiry,17,Tier 2
TCK00002780,APP0025042,Login,23,Tier 1
TCK00002781,APP0025050,Login,29,Tier 2
TCK00002782,APP0025060,Login,14,Tier 1
TCK00002783,APP0025070,Login,22,Tier 2
TCK00002784,APP0025080,Login,24,Tier 2
TCK00002785,APP0025089,Status Inquiry,13,Tier 1
TCK00002786,APP0025093,Login,13,Tier 1
TCK00002787,APP0025103,Login,22,Tier 3
TCK00002788,APP0025105,Upload,17,Tier 1
TCK00002789,APP0025107,Login,30,Tier 1
TCK00002790,APP0025139,Status Inquiry,3,Tier 2
TCK00002791,APP0025160,Upload,22,Tier 2
TCK00002792,APP0025163,Other,16,Tier 1
TCK00002793,APP0025172,Status Inquiry,7,Tier 2
TCK00002794,APP0025174,Status Inquiry,17,Tier 1
TCK00002795,APP0025180,Upload,6,Tier 1
TCK00002796,APP0025187,Other,15,Tier 1
TCK00002797,APP0025201,Upload,26,Tier 1
TCK00002798,APP0025233,Login,12,Tier 1
TCK00002799,APP0025260,Other,22,Tier 1
TCK00002800,APP0025263,Upload,20,Tier 1
TCK00002801,APP0025270,Login,14,Tier 1
TCK00002802,APP0025281,Status Inquiry,15,Tier 2
TCK00002803,APP0025286,Status Inquiry,19,Tier 1
TCK00002804,APP0025302,Login,20,Tier 1
TCK00002805,APP0025309,Status Inquiry,14,Tier 1
TCK00002806,APP0025311,Upload,16,Tier 1
TCK00002807,APP0025317,Login,24,Tier 1
TCK00002808,APP0025320,Upload,10,Tier 2
TCK00002809,APP0025328,Other,8,Tier 1
TCK00002810,APP0025341,Upload,20,Tier 3
TCK00002811,APP0025342,Upload,21,Tier 1
TCK00002812,APP0025362,Status Inquiry,1,Tier 2
TCK00002813,APP0025365,Upload,18,Tier 1
TCK00002814,APP0025367,Upload,29,Tier 2
TCK00002815,APP0025373,Other,24,Tier 2
TCK00002816,APP0025383,Status Inquiry,15,Tier 1
TCK00002817,APP0025394,Upload,21,Tier 2
TCK00002818,APP0025402,Upload,5,Tier 1
TCK00002819,APP0025404,Upload,23,Tier 1
TCK00002820,APP0025406,Status Inquiry,20,Tier 2
TCK00002821,APP0025423,Login,25,Tier 2
TCK00002822,APP0025443,Upload,16,Tier 1
TCK00002823,APP0025447,Upload,23,Tier 1
TCK00002824,APP0025449,Upload,14,Tier 2
TCK00002825,APP0025455,Upload,26,Tier 2
TCK00002826,APP0025458,Upload,21,Tier 1
TCK00002827,APP0025496,Upload,3,Tier 1
TCK00002828,APP0025501,Login,5,Tier 1
TCK00002829,APP0025513,Login,22,Tier 1
TCK00002830,APP0025514,Upload,25,Tier 3
TCK00002831,APP0025521,Other,28,Tier 1
TCK00002832,APP0025538,Status Inquiry,14,Tier 1
TCK00002833,APP0025542,Login,19,Tier 1
TCK00002834,APP0025543,Status Inquiry,15,Tier 1
TCK00002835,APP0025547,Other,13,Tier 1
TCK00002836,APP0025580,Upload,16,Tier 2
TCK00002837,APP0025583,Upload,28,Tier 2
TCK00002838,APP0025584,Status Inquiry,14,Tier 3
TCK00002839,APP0025585,Other,32,Tier 1
TCK00002840,APP0025590,Login,7,Tier 1
TCK00002841,APP0025594,Other,15,Tier 1
TCK00002842,APP0025596,Upload,22,Tier 3
TCK00002843,APP0025607,Upload,22,Tier 1
TCK00002844,APP0025614,Status Inquiry,19,Tier 1
TCK00002845,APP0025618,Status Inquiry,5,Tier 1
TCK00002846,APP0025634,Status Inquiry,16,Tier 1
TCK00002847,APP0025636,Upload,29,Tier 1
TCK00002848,APP0025679,Upload,23,Tier 2
TCK00002849,APP0025683,Login,22,Tier 1
TCK00002850,APP0025691,Login,21,Tier 1
TCK00002851,APP0025693,Upload,17,Tier 1
TCK00002852,APP0025706,Upload,18,Tier 2
TCK00002853,APP0025710,Upload,13,Tier 1
TCK00002854,APP0025741,Status Inquiry,29,Tier 2
TCK00002855,APP0025752,Other,21,Tier 2
TCK00002856,APP0025758,Status Inquiry,21,Tier 2
TCK00002857,APP0025760,Login,19,Tier 1
TCK00002858,APP0025765,Login,16,Tier 3
TCK00002859,APP0025784,Status Inquiry,6,Tier 1
TCK00002860,APP0025800,Status Inquiry,18,Tier 1
TCK00002861,APP0025851,Login,12,Tier 1
TCK00002862,APP0025853,Other,13,Tier 3
TCK00002863,APP0025856,Status Inquiry,19,Tier 2
TCK00002864,APP0025866,Upload,28,Tier 1
TCK00002865,APP0025879,Status Inquiry,10,Tier 1
TCK00002866,APP0025880,Upload,18,Tier 1
TCK00002867,APP0025886,Other,31,Tier 2
TCK00002868,APP0025890,Status Inquiry,8,Tier 1
TCK00002869,APP0025891,Status Inquiry,22,Tier 1
TCK00002870,APP0025906,Upload,14,Tier 1
TCK00002871,APP0025914,Status Inquiry,24,Tier 1
TCK00002872,APP0025920,Status Inquiry,30,Tier 3
TCK00002873,APP0025922,Status Inquiry,17,Tier 1
TCK00002874,APP0025926,Upload,26,Tier 1
TCK00002875,APP0025936,Status Inquiry,20,Tier 2
TCK00002876,APP0025944,Login,33,Tier 1
TCK00002877,APP0025952,Upload,1,Tier 1
TCK00002878,APP0025971,Login,11,Tier 2
TCK00002879,APP0025990,Login,17,Tier 1
TCK00002880,APP0025992,Upload,19,Tier 2
TCK00002881,APP0026004,Status Inquiry,31,Tier 2
TCK00002882,APP0026013,Status Inquiry,27,Tier 1
TCK00002883,APP0026015,Status Inquiry,15,Tier 3
TCK00002884,APP0026030,Status Inquiry,7,Tier 2
TCK00002885,APP0026051,Login,27,Tier 1
TCK00002886,APP0026065,Login,20,Tier 2
TCK00002887,APP0026069,Login,16,Tier 1
TCK00002888,APP0026074,Upload,25,Tier 1
TCK00002889,APP0026116,Upload,32,Tier 1
TCK00002890,APP0026121,Upload,21,Tier 1
TCK00002891,APP0026123,Login,29,Tier 3
TCK00002892,APP0026137,Status Inquiry,4,Tier 1
TCK00002893,APP0026158,Login,25,Tier 1
TCK00002894,APP0026164,Status Inquiry,37,Tier 1
TCK00002895,APP0026203,Status Inquiry,28,Tier 1
TCK00002896,APP0026205,Status Inquiry,13,Tier 1
TCK00002897,APP0026213,Login,9,Tier 2
TCK00002898,APP0026224,Status Inquiry,21,Tier 2
TCK00002899,APP0026257,Upload,11,Tier 1
TCK00002900,APP0026279,Status Inquiry,14,Tier 1
TCK00002901,APP0026282,Other,4,Tier 1
TCK00002902,APP0026284,Status Inquiry,10,Tier 1
TCK00002903,APP0026294,Upload,23,Tier 1
TCK00002904,APP0026295,Other,12,Tier 1
TCK00002905,APP0026302,Upload,11,Tier 1
TCK00002906,APP0026303,Status Inquiry,7,Tier 1
TCK00002907,APP0026310,Login,17,Tier 1
TCK00002908,APP0026314,Upload,21,Tier 1
TCK00002909,APP0026319,Status Inquiry,19,Tier 1
TCK00002910,APP0026329,Status Inquiry,1,Tier 2
TCK00002911,APP0026332,Status Inquiry,18,Tier 2
TCK00002912,APP0026333,Status Inquiry,10,Tier 2
TCK00002913,APP0026360,Other,17,Tier 2
TCK00002914,APP0026365,Login,9,Tier 1
TCK00002915,APP0026371,Login,27,Tier 1
TCK00002916,APP0026376,Upload,33,Tier 1
TCK00002917,APP0026383,Login,25,Tier 1
TCK00002918,APP0026416,Other,32,Tier 2
TCK00002919,APP0026421,Upload,20,Tier 3
TCK00002920,APP0026422,Upload,16,Tier 1
TCK00002921,APP0026444,Login,1,Tier 1
TCK00002922,APP0026452,Other,13,Tier 2
TCK00002923,APP0026469,Login,14,Tier 2
TCK00002924,APP0026476,Status Inquiry,30,Tier 2
TCK00002925,APP0026490,Status Inquiry,10,Tier 2
TCK00002926,APP0026495,Status Inquiry,18,Tier 1
TCK00002927,APP0026499,Login,23,Tier 2
TCK00002928,APP0026526,Upload,18,Tier 1
TCK00002929,APP0026544,Upload,18,Tier 1
TCK00002930,APP0026549,Upload,26,Tier 2
TCK00002931,APP0026551,Status Inquiry,11,Tier 1
TCK00002932,APP0026555,Upload,18,Tier 1
TCK00002933,APP0026580,Status Inquiry,20,Tier 1
TCK00002934,APP0026608,Upload,31,Tier 1
TCK00002935,APP0026611,Login,29,Tier 1
TCK00002936,APP0026618,Login,22,Tier 1
TCK00002937,APP0026620,Other,25,Tier 1
TCK00002938,APP0026623,Login,1,Tier 1
TCK00002939,APP0026632,Status Inquiry,20,Tier 1
TCK00002940,APP0026633,Other,13,Tier 1
TCK00002941,APP0026637,Login,5,Tier 1
TCK00002942,APP0026648,Login,23,Tier 2
TCK00002943,APP0026650,Upload,14,Tier 2
TCK00002944,APP0026682,Status Inquiry,12,Tier 2
TCK00002945,APP0026684,Status Inquiry,4,Tier 2
TCK00002946,APP0026688,Status Inquiry,19,Tier 3
TCK00002947,APP0026697,Login,27,Tier 1
TCK00002948,APP0026737,Status Inquiry,19,Tier 1
TCK00002949,APP0026743,Status Inquiry,23,Tier 1
TCK00002950,APP0026750,Upload,25,Tier 2
TCK00002951,APP0026765,Other,17,Tier 1
TCK00002952,APP0026769,Login,14,Tier 1
TCK00002953,APP0026774,Status Inquiry,13,Tier 3
TCK00002954,APP0026775,Status Inquiry,15,Tier 2
TCK00002955,APP0026779,Upload,13,Tier 3
TCK00002956,APP0026792,Status Inquiry,18,Tier 2
TCK00002957,APP0026803,Login,14,Tier 1
TCK00002958,APP0026807,Upload,26,Tier 1
TCK00002959,APP0026814,Status Inquiry,10,Tier 2
TCK00002960,APP0026816,Login,30,Tier 1
TCK00002961,APP0026831,Upload,14,Tier 1
TCK00002962,APP0026848,Login,14,Tier 1
TCK00002963,APP0026862,Status Inquiry,23,Tier 1
TCK00002964,APP0026864,Login,12,Tier 2
TCK00002965,APP0026866,Status Inquiry,2,Tier 1
TCK00002966,APP0026870,Other,24,Tier 1
TCK00002967,APP0026873,Login,29,Tier 1
TCK00002968,APP0026875,Status Inquiry,2,Tier 1
TCK00002969,APP0026877,Status Inquiry,22,Tier 1
TCK00002970,APP0026881,Login,13,Tier 1
TCK00002971,APP0026884,Status Inquiry,16,Tier 1
TCK00002972,APP0026886,Login,30,Tier 1
TCK00002973,APP0026895,Upload,7,Tier 1
TCK00002974,APP0026902,Login,13,Tier 1
TCK00002975,APP0026903,Login,27,Tier 1
TCK00002976,APP0026921,Upload,19,Tier 2
TCK00002977,APP0026927,Upload,21,Tier 1
TCK00002978,APP0026929,Login,12,Tier 3
TCK00002979,APP0026933,Login,11,Tier 1
TCK00002980,APP0026936,Upload,11,Tier 1
TCK00002981,APP0026938,Status Inquiry,19,Tier 3
TCK00002982,APP0026942,Status Inquiry,14,Tier 1
TCK00002983,APP0026943,Upload,21,Tier 1
TCK00002984,APP0026950,Status Inquiry,38,Tier 1
TCK00002985,APP0026953,Login,3,Tier 1
TCK00002986,APP0026973,Login,19,Tier 1
TCK00002987,APP0026976,Status Inquiry,17,Tier 2
TCK00002988,APP0026979,Login,9,Tier 2
TCK00002989,APP0026981,Status Inquiry,19,Tier 2
TCK00002990,APP0026983,Status Inquiry,10,Tier 1
TCK00002991,APP0027003,Upload,6,Tier 2
TCK00002992,APP0027020,Status Inquiry,17,Tier 1
TCK00002993,APP0027024,Login,30,Tier 2
TCK00002994,APP0027037,Upload,16,Tier 2
TCK00002995,APP0027040,Login,21,Tier 1
TCK00002996,APP0027044,Upload,12,Tier 1
TCK00002997,APP0027045,Login,11,Tier 1
TCK00002998,APP0027049,Login,6,Tier 1
TCK00002999,APP0027052,Login,17,Tier 1
TCK00003000,APP0027058,Upload,21,Tier 1
TCK00003001,APP0027079,Upload,3,Tier 2
TCK00003002,APP0027088,Upload,2,Tier 1
TCK00003003,APP0027089,Upload,21,Tier 1
TCK00003004,APP0027090,Status Inquiry,12,Tier 1
TCK00003005,APP0027097,Upload,4,Tier 1
TCK00003006,APP0027113,Login,22,Tier 1
TCK00003007,APP0027115,Upload,15,Tier 1
TCK00003008,APP0027122,Status Inquiry,14,Tier 3
TCK00003009,APP0027125,Status Inquiry,17,Tier 2
TCK00003010,APP0027135,Status Inquiry,12,Tier 1
TCK00003011,APP0027136,Upload,39,Tier 1
TCK00003012,APP0027157,Status Inquiry,1,Tier 2
TCK00003013,APP0027166,Status Inquiry,13,Tier 1
TCK00003014,APP0027183,Login,21,Tier 1
TCK00003015,APP0027188,Status Inquiry,20,Tier 1
TCK00003016,APP0027197,Upload,7,Tier 3
TCK00003017,APP0027199,Upload,14,Tier 2
TCK00003018,APP0027201,Upload,16,Tier 1
TCK00003019,APP0027209,Upload,28,Tier 1
TCK00003020,APP0027211,Upload,30,Tier 2
TCK00003021,APP0027214,Status Inquiry,30,Tier 2
TCK00003022,APP0027224,Upload,19,Tier 1
TCK00003023,APP0027225,Upload,28,Tier 1
TCK00003024,APP0027226,Upload,22,Tier 2
TCK00003025,APP0027231,Other,16,Tier 3
TCK00003026,APP0027245,Login,15,Tier 1
TCK00003027,APP0027252,Login,23,Tier 2
TCK00003028,APP0027267,Status Inquiry,20,Tier 1
TCK00003029,APP0027281,Status Inquiry,13,Tier 1
TCK00003030,APP0027287,Status Inquiry,10,Tier 3
TCK00003031,APP0027298,Status Inquiry,10,Tier 2
TCK00003032,APP0027326,Status Inquiry,29,Tier 2
TCK00003033,APP0027384,Upload,16,Tier 1
TCK00003034,APP0027398,Other,19,Tier 2
TCK00003035,APP0027414,Login,29,Tier 1
TCK00003036,APP0027428,Upload,30,Tier 2
TCK00003037,APP0027445,Login,25,Tier 1
TCK00003038,APP0027449,Status Inquiry,21,Tier 1
TCK00003039,APP0027461,Login,14,Tier 1
TCK00003040,APP0027491,Other,18,Tier 3
TCK00003041,APP0027503,Status Inquiry,20,Tier 1
TCK00003042,APP0027506,Upload,23,Tier 1
TCK00003043,APP0027508,Status Inquiry,13,Tier 2
TCK00003044,APP0027516,Status Inquiry,24,Tier 1
TCK00003045,APP0027521,Upload,26,Tier 1
TCK00003046,APP0027528,Upload,21,Tier 1
TCK00003047,APP0027543,Other,7,Tier 2
TCK00003048,APP0027547,Status Inquiry,3,Tier 1
TCK00003049,APP0027560,Login,23,Tier 2
TCK00003050,APP0027574,Upload,4,Tier 1
TCK00003051,APP0027594,Other,19,Tier 2
TCK00003052,APP0027600,Login,40,Tier 1
TCK00003053,APP0027603,Login,17,Tier 1
TCK00003054,APP0027607,Login,7,Tier 1
TCK00003055,APP0027608,Login,25,Tier 1
TCK00003056,APP0027619,Upload,14,Tier 1
TCK00003057,APP0027628,Upload,17,Tier 1
TCK00003058,APP0027637,Login,4,Tier 1
TCK00003059,APP0027642,Upload,12,Tier 2
TCK00003060,APP0027644,Upload,28,Tier 1
TCK00003061,APP0027648,Login,15,Tier 1
TCK00003062,APP0027670,Status Inquiry,12,Tier 1
TCK00003063,APP0027681,Status Inquiry,17,Tier 1
TCK00003064,APP0027689,Upload,19,Tier 1
TCK00003065,APP0027704,Other,25,Tier 1
TCK00003066,APP0027711,Status Inquiry,23,Tier 3
TCK00003067,APP0027712,Upload,25,Tier 1
TCK00003068,APP0027714,Other,7,Tier 1
TCK00003069,APP0027723,Status Inquiry,15,Tier 1
TCK00003070,APP0027731,Upload,2,Tier 2
TCK00003071,APP0027751,Upload,29,Tier 1
TCK00003072,APP0027770,Login,13,Tier 1
TCK00003073,APP0027774,Login,14,Tier 1
TCK00003074,APP0027782,Status Inquiry,32,Tier 1
TCK00003075,APP0027800,Status Inquiry,24,Tier 1
TCK00003076,APP0027808,Upload,15,Tier 3
TCK00003077,APP0027811,Status Inquiry,15,Tier 1
TCK00003078,APP0027840,Upload,14,Tier 1
TCK00003079,APP0027844,Status Inquiry,24,Tier 1
TCK00003080,APP0027846,Upload,41,Tier 1
TCK00003081,APP0027868,Status Inquiry,6,Tier 2
TCK00003082,APP0027869,Status Inquiry,29,Tier 2
TCK00003083,APP0027874,Other,27,Tier 1
TCK00003084,APP0027893,Upload,14,Tier 1
TCK00003085,APP0027899,Upload,20,Tier 1
TCK00003086,APP0027906,Login,20,Tier 1
TCK00003087,APP0027919,Login,12,Tier 1
TCK00003088,APP0027928,Status Inquiry,13,Tier 2
TCK00003089,APP0027931,Login,29,Tier 1
TCK00003090,APP0027935,Upload,21,Tier 2
TCK00003091,APP0027936,Login,15,Tier 1
TCK00003092,APP0027953,Login,11,Tier 1
TCK00003093,APP0027984,Status Inquiry,17,Tier 1
TCK00003094,APP0027989,Upload,18,Tier 2
TCK00003095,APP0028003,Status Inquiry,24,Tier 1
TCK00003096,APP0028005,Upload,30,Tier 1
TCK00003097,APP0028011,Upload,18,Tier 1
TCK00003098,APP0028014,Status Inquiry,11,Tier 2
TCK00003099,APP0028015,Upload,21,Tier 2
TCK00003100,APP0028034,Status Inquiry,19,Tier 1
TCK00003101,APP0028042,Upload,13,Tier 1
TCK00003102,APP0028043,Other,24,Tier 1
TCK00003103,APP0028044,Status Inquiry,17,Tier 1
TCK00003104,APP0028050,Upload,21,Tier 1
TCK00003105,APP0028055,Login,18,Tier 1
TCK00003106,APP0028068,Login,21,Tier 2
TCK00003107,APP0028071,Upload,23,Tier 1
TCK00003108,APP0028077,Other,10,Tier 2
TCK00003109,APP0028086,Upload,25,Tier 1
TCK00003110,APP0028087,Upload,18,Tier 1
TCK00003111,APP0028088,Status Inquiry,5,Tier 1
TCK00003112,APP0028095,Other,15,Tier 1
TCK00003113,APP0028098,Status Inquiry,28,Tier 2
TCK00003114,APP0028099,Upload,29,Tier 2
TCK00003115,APP0028108,Login,13,Tier 1
TCK00003116,APP0028164,Upload,20,Tier 3
TCK00003117,APP0028195,Login,8,Tier 2
TCK00003118,APP0028197,Status Inquiry,22,Tier 2
TCK00003119,APP0028203,Status Inquiry,1,Tier 2
TCK00003120,APP0028216,Status Inquiry,4,Tier 2
TCK00003121,APP0028235,Login,21,Tier 1
TCK00003122,APP0028240,Upload,22,Tier 1
TCK00003123,APP0028249,Upload,13,Tier 1
TCK00003124,APP0028259,Status Inquiry,22,Tier 2
TCK00003125,APP0028260,Status Inquiry,30,Tier 1
TCK00003126,APP0028276,Login,17,Tier 1
TCK00003127,APP0028294,Status Inquiry,23,Tier 1
TCK00003128,APP0028295,Status Inquiry,11,Tier 1
TCK00003129,APP0028296,Upload,7,Tier 1
TCK00003130,APP0028311,Login,32,Tier 1
TCK00003131,APP0028315,Upload,19,Tier 1
TCK00003132,APP0028345,Upload,13,Tier 1
TCK00003133,APP0028348,Upload,4,Tier 3
TCK00003134,APP0028351,Login,23,Tier 2
TCK00003135,APP0028376,Login,25,Tier 1
TCK00003136,APP0028378,Upload,29,Tier 1
TCK00003137,APP0028385,Login,16,Tier 2
TCK00003138,APP0028392,Login,25,Tier 1
TCK00003139,APP0028396,Upload,18,Tier 1
TCK00003140,APP0028408,Login,11,Tier 1
TCK00003141,APP0028418,Upload,17,Tier 1
TCK00003142,APP0028425,Other,13,Tier 1
TCK00003143,APP0028438,Upload,11,Tier 1
TCK00003144,APP0028452,Status Inquiry,13,Tier 1
TCK00003145,APP0028464,Upload,25,Tier 1
TCK00003146,APP0028482,Login,18,Tier 1
TCK00003147,APP0028495,Status Inquiry,12,Tier 1
TCK00003148,APP0028497,Status Inquiry,17,Tier 2
TCK00003149,APP0028503,Login,17,Tier 2
TCK00003150,APP0028526,Login,17,Tier 3
TCK00003151,APP0028539,Status Inquiry,19,Tier 2
TCK00003152,APP0028542,Upload,12,Tier 3
TCK00003153,APP0028564,Status Inquiry,29,Tier 1
TCK00003154,APP0028578,Login,9,Tier 1
TCK00003155,APP0028582,Login,13,Tier 1
TCK00003156,APP0028588,Upload,7,Tier 1
TCK00003157,APP0028593,Upload,15,Tier 1
TCK00003158,APP0028594,Status Inquiry,14,Tier 2
TCK00003159,APP0028597,Status Inquiry,20,Tier 2
TCK00003160,APP0028604,Upload,6,Tier 1
TCK00003161,APP0028626,Upload,20,Tier 2
TCK00003162,APP0028629,Upload,5,Tier 1
TCK00003163,APP0028633,Login,28,Tier 1
TCK00003164,APP0028648,Login,14,Tier 1
TCK00003165,APP0028652,Status Inquiry,28,Tier 3
TCK00003166,APP0028685,Status Inquiry,30,Tier 1
TCK00003167,APP0028695,Status Inquiry,9,Tier 1
TCK00003168,APP0028710,Upload,34,Tier 1
TCK00003169,APP0028711,Upload,18,Tier 1
TCK00003170,APP0028712,Login,1,Tier 2
TCK00003171,APP0028723,Upload,20,Tier 1
TCK00003172,APP0028726,Login,20,Tier 2
TCK00003173,APP0028736,Status Inquiry,32,Tier 1
TCK00003174,APP0028745,Status Inquiry,3,Tier 2
TCK00003175,APP0028749,Upload,1,Tier 1
TCK00003176,APP0028761,Login,17,Tier 1
TCK00003177,APP0028764,Upload,14,Tier 2
TCK00003178,APP0028771,Status Inquiry,10,Tier 1
TCK00003179,APP0028786,Upload,17,Tier 1
TCK00003180,APP0028791,Login,32,Tier 2
TCK00003181,APP0028792,Login,17,Tier 1
TCK00003182,APP0028802,Upload,25,Tier 1
TCK00003183,APP0028814,Upload,12,Tier 3
TCK00003184,APP0028820,Other,7,Tier 1
TCK00003185,APP0028821,Login,14,Tier 1
TCK00003186,APP0028832,Upload,33,Tier 2
TCK00003187,APP0028835,Upload,29,Tier 1
TCK00003188,APP0028848,Other,24,Tier 1
TCK00003189,APP0028855,Login,15,Tier 1
TCK00003190,APP0028866,Upload,21,Tier 1
TCK00003191,APP0028875,Status Inquiry,23,Tier 1
TCK00003192,APP0028886,Status Inquiry,5,Tier 1
TCK00003193,APP0028888,Login,15,Tier 1
TCK00003194,APP0028893,Status Inquiry,33,Tier 1
TCK00003195,APP0028901,Status Inquiry,7,Tier 2
TCK00003196,APP0028907,Login,19,Tier 1
TCK00003197,APP0028916,Login,14,Tier 1
TCK00003198,APP0028919,Status Inquiry,15,Tier 2
TCK00003199,APP0028943,Status Inquiry,26,Tier 2
TCK00003200,APP0028991,Login,11,Tier 1
TCK00003201,APP0028992,Upload,24,Tier 1
TCK00003202,APP0028995,Upload,17,Tier 1
TCK00003203,APP0029007,Login,27,Tier 2
TCK00003204,APP0029017,Upload,11,Tier 2
TCK00003205,APP0029037,Status Inquiry,27,Tier 1
TCK00003206,APP0029045,Status Inquiry,17,Tier 1
TCK00003207,APP0029046,Login,13,Tier 2
TCK00003208,APP0029050,Status Inquiry,12,Tier 1
TCK00003209,APP0029056,Status Inquiry,1,Tier 1
TCK00003210,APP0029064,Upload,25,Tier 2
TCK00003211,APP0029070,Status Inquiry,11,Tier 1
TCK00003212,APP0029074,Other,27,Tier 1
TCK00003213,APP0029096,Upload,36,Tier 1
TCK00003214,APP0029099,Upload,4,Tier 1
TCK00003215,APP0029104,Status Inquiry,20,Tier 1
TCK00003216,APP0029105,Login,12,Tier 2
TCK00003217,APP0029113,Login,18,Tier 1
TCK00003218,APP0029118,Status Inquiry,21,Tier 1
TCK00003219,APP0029119,Upload,7,Tier 1
TCK00003220,APP0029122,Login,26,Tier 2
TCK00003221,APP0029152,Login,16,Tier 2
TCK00003222,APP0029163,Other,31,Tier 1
TCK00003223,APP0029171,Login,18,Tier 1
TCK00003224,APP0029197,Login,19,Tier 2
TCK00003225,APP0029210,Login,18,Tier 2
TCK00003226,APP0029213,Status Inquiry,40,Tier 1
TCK00003227,APP0029215,Status Inquiry,14,Tier 1
TCK00003228,APP0029217,Upload,1,Tier 2
TCK00003229,APP0029228,Upload,25,Tier 1
TCK00003230,APP0029250,Login,18,Tier 1
TCK00003231,APP0029253,Upload,24,Tier 1
TCK00003232,APP0029256,Other,27,Tier 3
TCK00003233,APP0029260,Status Inquiry,30,Tier 1
TCK00003234,APP0029295,Upload,20,Tier 2
TCK00003235,APP0029296,Upload,21,Tier 1
TCK00003236,APP0029300,Status Inquiry,27,Tier 2
TCK00003237,APP0029312,Upload,29,Tier 1
TCK00003238,APP0029323,Upload,6,Tier 1
TCK00003239,APP0029329,Upload,33,Tier 3
TCK00003240,APP0029353,Login,9,Tier 1
TCK00003241,APP0029354,Status Inquiry,19,Tier 2
TCK00003242,APP0029362,Login,27,Tier 1
TCK00003243,APP0029383,Login,13,Tier 1
TCK00003244,APP0029391,Upload,13,Tier 1
TCK00003245,APP0029405,Status Inquiry,30,Tier 1
TCK00003246,APP0029412,Upload,30,Tier 1
TCK00003247,APP0029430,Upload,6,Tier 1
TCK00003248,APP0029434,Other,17,Tier 2
TCK00003249,APP0029481,Status Inquiry,21,Tier 1
TCK00003250,APP0029484,Upload,29,Tier 1
TCK00003251,APP0029496,Login,21,Tier 1
TCK00003252,APP0029525,Login,25,Tier 1
TCK00003253,APP0029545,Other,21,Tier 1
TCK00003254,APP0029564,Status Inquiry,24,Tier 1
TCK00003255,APP0029566,Status Inquiry,39,Tier 1
TCK00003256,APP0029568,Status Inquiry,23,Tier 1
TCK00003257,APP0029580,Upload,22,Tier 1
TCK00003258,APP0029583,Other,6,Tier 1
TCK00003259,APP0029586,Login,9,Tier 2
TCK00003260,APP0029595,Other,6,Tier 2
TCK00003261,APP0029613,Upload,17,Tier 1
TCK00003262,APP0029626,Login,15,Tier 1
TCK00003263,APP0029644,Status Inquiry,12,Tier 2
TCK00003264,APP0029676,Login,23,Tier 1
TCK00003265,APP0029679,Login,5,Tier 2
TCK00003266,APP0029687,Other,19,Tier 1
TCK00003267,APP0029690,Login,16,Tier 1
TCK00003268,APP0029697,Status Inquiry,11,Tier 2
TCK00003269,APP0029702,Login,10,Tier 1
TCK00003270,APP0029715,Upload,13,Tier 1
TCK00003271,APP0029717,Upload,24,Tier 1
TCK00003272,APP0029728,Status Inquiry,25,Tier 1
TCK00003273,APP0029729,Login,5,Tier 1
TCK00003274,APP0029741,Status Inquiry,18,Tier 2
TCK00003275,APP0029746,Upload,12,Tier 2
TCK00003276,APP0029758,Status Inquiry,25,Tier 2
TCK00003277,APP0029777,Upload,27,Tier 1
TCK00003278,APP0029786,Login,25,Tier 1
TCK00003279,APP0029787,Other,22,Tier 1
TCK00003280,APP0029791,Status Inquiry,23,Tier 3
TCK00003281,APP0029792,Login,3,Tier 1
TCK00003282,APP0029802,Status Inquiry,21,Tier 2
TCK00003283,APP0029824,Upload,20,Tier 1
TCK00003284,APP0029848,Upload,16,Tier 3
TCK00003285,APP0029857,Upload,12,Tier 2
TCK00003286,APP0029870,Login,8,Tier 1
TCK00003287,APP0029871,Other,11,Tier 1
TCK00003288,APP0029880,Status Inquiry,13,Tier 1
TCK00003289,APP0029892,Upload,1,Tier 1
TCK00003290,APP0029899,Upload,17,Tier 1
TCK00003291,APP0029910,Login,19,Tier 2
TCK00003292,APP0029918,Upload,31,Tier 3
TCK00003293,APP0029920,Upload,31,Tier 2
TCK00003294,APP0029942,Login,22,Tier 1
TCK00003295,APP0029953,Other,18,Tier 3
TCK00003296,APP0029970,Status Inquiry,18,Tier 2
TCK00003297,APP0029972,Login,25,Tier 1
TCK00003298,APP0029977,Login,26,Tier 1
TCK00003299,APP0029980,Upload,5,Tier 1
TCK00003300,APP0029987,Login,24,Tier 1
TCK00003301,APP0029997,Status Inquiry,14,Tier 2
TCK00003302,APP0030017,Login,18,Tier 1
TCK00003303,APP0030018,Other,15,Tier 1
TCK00003304,APP0030025,Other,21,Tier 1
TCK00003305,APP0030038,Status Inquiry,10,Tier 2
TCK00003306,APP0030063,Status Inquiry,18,Tier 1
TCK00003307,APP0030080,Upload,6,Tier 1
TCK00003308,APP0030083,Status Inquiry,26,Tier 1
TCK00003309,APP0030085,Login,25,Tier 1
TCK00003310,APP0030086,Login,15,Tier 1
TCK00003311,APP0030097,Status Inquiry,17,Tier 2
TCK00003312,APP0030108,Status Inquiry,13,Tier 2
TCK00003313,APP0030110,Status Inquiry,23,Tier 1
TCK00003314,APP0030125,Upload,22,Tier 1
TCK00003315,APP0030130,Other,14,Tier 1
TCK00003316,APP0030132,Upload,16,Tier 1
TCK00003317,APP0030133,Upload,20,Tier 1
TCK00003318,APP0030160,Status Inquiry,12,Tier 3
TCK00003319,APP0030180,Status Inquiry,20,Tier 1
TCK00003320,APP0030182,Login,22,Tier 2
TCK00003321,APP0030210,Upload,37,Tier 1
TCK00003322,APP0030221,Other,21,Tier 2
TCK00003323,APP0030230,Login,13,Tier 1
TCK00003324,APP0030244,Status Inquiry,28,Tier 2
TCK00003325,APP0030250,Upload,21,Tier 1
TCK00003326,APP0030252,Upload,15,Tier 1
TCK00003327,APP0030264,Upload,25,Tier 2
TCK00003328,APP0030265,Status Inquiry,14,Tier 1
TCK00003329,APP0030267,Status Inquiry,30,Tier 2
TCK00003330,APP0030272,Other,24,Tier 2
TCK00003331,APP0030278,Status Inquiry,16,Tier 1
TCK00003332,APP0030292,Upload,18,Tier 1
TCK00003333,APP0030295,Status Inquiry,35,Tier 1
TCK00003334,APP0030306,Upload,16,Tier 2
TCK00003335,APP0030330,Login,15,Tier 2
TCK00003336,APP0030336,Upload,24,Tier 1
TCK00003337,APP0030355,Status Inquiry,20,Tier 2
TCK00003338,APP0030363,Login,17,Tier 1
TCK00003339,APP0030366,Status Inquiry,24,Tier 2
TCK00003340,APP0030379,Status Inquiry,2,Tier 1
TCK00003341,APP0030380,Status Inquiry,19,Tier 1
TCK00003342,APP0030381,Upload,30,Tier 3
TCK00003343,APP0030386,Login,29,Tier 1
TCK00003344,APP0030391,Login,12,Tier 1
TCK00003345,APP0030412,Upload,18,Tier 1
TCK00003346,APP0030420,Status Inquiry,25,Tier 1
TCK00003347,APP0030423,Upload,16,Tier 1
TCK00003348,APP0030436,Upload,22,Tier 1
TCK00003349,APP0030452,Upload,22,Tier 1
TCK00003350,APP0030456,Login,4,Tier 2
TCK00003351,APP0030475,Login,24,Tier 1
TCK00003352,APP0030477,Status Inquiry,18,Tier 1
TCK00003353,APP0030479,Status Inquiry,17,Tier 3
TCK00003354,APP0030481,Login,16,Tier 1
TCK00003355,APP0030484,Status Inquiry,1,Tier 1
TCK00003356,APP0030492,Other,17,Tier 1
TCK00003357,APP0030493,Status Inquiry,26,Tier 1
TCK00003358,APP0030504,Upload,29,Tier 1
TCK00003359,APP0030521,Login,19,Tier 2
TCK00003360,APP0030527,Status Inquiry,17,Tier 1
TCK00003361,APP0030535,Upload,15,Tier 1
TCK00003362,APP0030543,Upload,28,Tier 2
TCK00003363,APP0030546,Status Inquiry,35,Tier 2
TCK00003364,APP0030556,Status Inquiry,18,Tier 1
TCK00003365,APP0030574,Status Inquiry,1,Tier 1
TCK00003366,APP0030603,Other,20,Tier 1
TCK00003367,APP0030622,Status Inquiry,30,Tier 2
TCK00003368,APP0030625,Status Inquiry,7,Tier 1
TCK00003369,APP0030630,Status Inquiry,12,Tier 1
TCK00003370,APP0030637,Upload,6,Tier 3
TCK00003371,APP0030654,Upload,20,Tier 2
TCK00003372,APP0030674,Status Inquiry,37,Tier 3
TCK00003373,APP0030676,Status Inquiry,26,Tier 1
TCK00003374,APP0030684,Status Inquiry,5,Tier 2
TCK00003375,APP0030686,Status Inquiry,7,Tier 3
TCK00003376,APP0030689,Login,22,Tier 3
TCK00003377,APP0030726,Login,15,Tier 1
TCK00003378,APP0030739,Login,4,Tier 2
TCK00003379,APP0030751,Upload,20,Tier 1
TCK00003380,APP0030768,Upload,11,Tier 1
TCK00003381,APP0030770,Status Inquiry,21,Tier 1
TCK00003382,APP0030773,Upload,22,Tier 1
TCK00003383,APP0030775,Upload,20,Tier 1
TCK00003384,APP0030783,Login,9,Tier 1
TCK00003385,APP0030792,Upload,11,Tier 2
TCK00003386,APP0030795,Status Inquiry,16,Tier 1
TCK00003387,APP0030796,Upload,13,Tier 1
TCK00003388,APP0030802,Upload,26,Tier 2
TCK00003389,APP0030803,Login,27,Tier 1
TCK00003390,APP0030814,Upload,19,Tier 1
TCK00003391,APP0030824,Login,25,Tier 1
TCK00003392,APP0030827,Login,30,Tier 2
TCK00003393,APP0030828,Upload,10,Tier 2
TCK00003394,APP0030829,Login,14,Tier 1
TCK00003395,APP0030832,Login,33,Tier 1
TCK00003396,APP0030837,Upload,16,Tier 1
TCK00003397,APP0030844,Status Inquiry,13,Tier 1
TCK00003398,APP0030885,Login,18,Tier 1
TCK00003399,APP0030904,Upload,21,Tier 1
TCK00003400,APP0030922,Login,6,Tier 3
TCK00003401,APP0030968,Upload,18,Tier 2
TCK00003402,APP0030973,Login,25,Tier 1
TCK00003403,APP0030984,Login,14,Tier 1
TCK00003404,APP0030995,Status Inquiry,14,Tier 3
TCK00003405,APP0030998,Upload,25,Tier 1
TCK00003406,APP0031000,Upload,11,Tier 1
TCK00003407,APP0031012,Upload,7,Tier 2
TCK00003408,APP0031028,Other,16,Tier 2
TCK00003409,APP0031046,Upload,23,Tier 1
TCK00003410,APP0031055,Login,15,Tier 2
TCK00003411,APP0031063,Other,1,Tier 1
TCK00003412,APP0031064,Login,11,Tier 1
TCK00003413,APP0031066,Upload,20,Tier 1
TCK00003414,APP0031074,Upload,31,Tier 1
TCK00003415,APP0031083,Upload,17,Tier 2
TCK00003416,APP0031084,Status Inquiry,37,Tier 1
TCK00003417,APP0031088,Status Inquiry,9,Tier 1
TCK00003418,APP0031098,Status Inquiry,13,Tier 1
TCK00003419,APP0031105,Status Inquiry,18,Tier 1
TCK00003420,APP0031114,Status Inquiry,24,Tier 1
TCK00003421,APP0031119,Login,15,Tier 1
TCK00003422,APP0031137,Upload,23,Tier 2
TCK00003423,APP0031142,Status Inquiry,15,Tier 3
TCK00003424,APP0031151,Upload,21,Tier 1
TCK00003425,APP0031155,Status Inquiry,22,Tier 2
TCK00003426,APP0031159,Upload,19,Tier 1
TCK00003427,APP0031165,Login,19,Tier 1
TCK00003428,APP0031171,Upload,15,Tier 2
TCK00003429,APP0031191,Upload,12,Tier 1
TCK00003430,APP0031198,Status Inquiry,41,Tier 2
TCK00003431,APP0031199,Upload,10,Tier 1
TCK00003432,APP0031208,Upload,29,Tier 1
TCK00003433,APP0031214,Upload,26,Tier 2
TCK00003434,APP0031232,Upload,18,Tier 1
TCK00003435,APP0031235,Upload,17,Tier 1
TCK00003436,APP0031247,Status Inquiry,12,Tier 1
TCK00003437,APP0031251,Status Inquiry,20,Tier 1
TCK00003438,APP0031255,Upload,9,Tier 1
TCK00003439,APP0031262,Status Inquiry,18,Tier 1
TCK00003440,APP0031263,Status Inquiry,34,Tier 2
TCK00003441,APP0031277,Upload,27,Tier 1
TCK00003442,APP0031279,Other,7,Tier 1
TCK00003443,APP0031281,Upload,19,Tier 1
TCK00003444,APP0031285,Status Inquiry,15,Tier 1
TCK00003445,APP0031305,Upload,7,Tier 1
TCK00003446,APP0031307,Upload,27,Tier 2
TCK00003447,APP0031308,Upload,4,Tier 2
TCK00003448,APP0031311,Status Inquiry,22,Tier 1
TCK00003449,APP0031313,Status Inquiry,33,Tier 1
TCK00003450,APP0031314,Login,31,Tier 1
TCK00003451,APP0031329,Status Inquiry,8,Tier 1
TCK00003452,APP0031332,Upload,16,Tier 1
TCK00003453,APP0031334,Upload,17,Tier 1
TCK00003454,APP0031337,Login,18,Tier 1
TCK00003455,APP0031343,Login,26,Tier 2
TCK00003456,APP0031344,Status Inquiry,23,Tier 2
TCK00003457,APP0031345,Status Inquiry,33,Tier 1
TCK00003458,APP0031364,Status Inquiry,13,Tier 1
TCK00003459,APP0031369,Upload,22,Tier 1
TCK00003460,APP0031377,Login,28,Tier 1
TCK00003461,APP0031388,Status Inquiry,22,Tier 1
TCK00003462,APP0031410,Login,4,Tier 1
TCK00003463,APP0031430,Status Inquiry,19,Tier 2
TCK00003464,APP0031439,Upload,20,Tier 2
TCK00003465,APP0031441,Login,19,Tier 1
TCK00003466,APP0031442,Login,11,Tier 1
TCK00003467,APP0031444,Upload,24,Tier 2
TCK00003468,APP0031454,Upload,19,Tier 2
TCK00003469,APP0031461,Status Inquiry,12,Tier 1
TCK00003470,APP0031465,Status Inquiry,22,Tier 1
TCK00003471,APP0031467,Status Inquiry,18,Tier 2
TCK00003472,APP0031520,Status Inquiry,14,Tier 2
TCK00003473,APP0031530,Upload,13,Tier 2
TCK00003474,APP0031546,Status Inquiry,10,Tier 1
TCK00003475,APP0031562,Upload,18,Tier 3
TCK00003476,APP0031565,Status Inquiry,14,Tier 2
TCK00003477,APP0031567,Status Inquiry,27,Tier 1
TCK00003478,APP0031594,Status Inquiry,17,Tier 1
TCK00003479,APP0031599,Login,24,Tier 2
TCK00003480,APP0031600,Upload,12,Tier 1
TCK00003481,APP0031604,Status Inquiry,14,Tier 1
TCK00003482,APP0031605,Status Inquiry,18,Tier 1
TCK00003483,APP0031607,Upload,24,Tier 2
TCK00003484,APP0031611,Upload,25,Tier 1
TCK00003485,APP0031616,Login,19,Tier 1
TCK00003486,APP0031624,Upload,20,Tier 2
TCK00003487,APP0031627,Other,22,Tier 2
TCK00003488,APP0031639,Status Inquiry,24,Tier 2
TCK00003489,APP0031640,Upload,26,Tier 3
TCK00003490,APP0031642,Status Inquiry,4,Tier 1
TCK00003491,APP0031650,Upload,25,Tier 1
TCK00003492,APP0031656,Upload,17,Tier 1
TCK00003493,APP0031658,Status Inquiry,19,Tier 1
TCK00003494,APP0031662,Upload,12,Tier 1
TCK00003495,APP0031663,Upload,24,Tier 1
TCK00003496,APP0031674,Status Inquiry,28,Tier 1
TCK00003497,APP0031676,Other,27,Tier 1
TCK00003498,APP0031678,Upload,13,Tier 1
TCK00003499,APP0031689,Login,6,Tier 1
TCK00003500,APP0031698,Login,28,Tier 1
TCK00003501,APP0031702,Other,15,Tier 1
TCK00003502,APP0031714,Status Inquiry,4,Tier 1
TCK00003503,APP0031721,Upload,26,Tier 1
TCK00003504,APP0031728,Other,1,Tier 1
TCK00003505,APP0031734,Status Inquiry,26,Tier 2
TCK00003506,APP0031735,Upload,14,Tier 1
TCK00003507,APP0031736,Status Inquiry,33,Tier 2
TCK00003508,APP0031742,Login,18,Tier 1
TCK00003509,APP0031744,Login,13,Tier 1
TCK00003510,APP0031764,Login,19,Tier 2
TCK00003511,APP0031766,Status Inquiry,11,Tier 1
TCK00003512,APP0031769,Status Inquiry,13,Tier 1
TCK00003513,APP0031773,Other,21,Tier 2
TCK00003514,APP0031774,Upload,18,Tier 1
TCK00003515,APP0031776,Login,8,Tier 1
TCK00003516,APP0031784,Login,14,Tier 2
TCK00003517,APP0031785,Status Inquiry,32,Tier 1
TCK00003518,APP0031786,Upload,7,Tier 2
TCK00003519,APP0031787,Status Inquiry,22,Tier 1
TCK00003520,APP0031788,Other,38,Tier 1
TCK00003521,APP0031803,Login,11,Tier 1
TCK00003522,APP0031816,Status Inquiry,24,Tier 1
TCK00003523,APP0031822,Status Inquiry,18,Tier 1
TCK00003524,APP0031834,Upload,10,Tier 2
TCK00003525,APP0031835,Status Inquiry,24,Tier 1
TCK00003526,APP0031854,Status Inquiry,23,Tier 1
TCK00003527,APP0031882,Status Inquiry,17,Tier 1
TCK00003528,APP0031898,Upload,12,Tier 2
TCK00003529,APP0031915,Upload,26,Tier 1
TCK00003530,APP0031919,Login,22,Tier 1
TCK00003531,APP0031925,Upload,15,Tier 2
TCK00003532,APP0031946,Upload,11,Tier 1
TCK00003533,APP0031952,Status Inquiry,15,Tier 1
TCK00003534,APP0031953,Upload,14,Tier 1
TCK00003535,APP0031954,Upload,13,Tier 1
TCK00003536,APP0031958,Upload,28,Tier 1
TCK00003537,APP0031959,Status Inquiry,17,Tier 1
TCK00003538,APP0031980,Status Inquiry,29,Tier 2
TCK00003539,APP0031985,Status Inquiry,27,Tier 2
TCK00003540,APP0031990,Other,26,Tier 3
TCK00003541,APP0031994,Login,22,Tier 1
TCK00003542,APP0032000,Login,17,Tier 1
TCK00003543,APP0032005,Upload,17,Tier 1
TCK00003544,APP0032012,Login,34,Tier 1
TCK00003545,APP0032032,Upload,27,Tier 2
TCK00003546,APP0032036,Other,15,Tier 1
TCK00003547,APP0032038,Other,23,Tier 1
TCK00003548,APP0032049,Upload,13,Tier 1
TCK00003549,APP0032057,Upload,18,Tier 1
TCK00003550,APP0032060,Login,10,Tier 2
TCK00003551,APP0032069,Upload,10,Tier 3
TCK00003552,APP0032074,Status Inquiry,9,Tier 2
TCK00003553,APP0032082,Login,21,Tier 1
TCK00003554,APP0032101,Login,27,Tier 1
TCK00003555,APP0032108,Other,18,Tier 2
TCK00003556,APP0032139,Login,21,Tier 1
TCK00003557,APP0032144,Upload,16,Tier 1
TCK00003558,APP0032164,Status Inquiry,13,Tier 1
TCK00003559,APP0032165,Other,20,Tier 2
TCK00003560,APP0032188,Upload,8,Tier 1
TCK00003561,APP0032199,Upload,26,Tier 2
TCK00003562,APP0032211,Login,24,Tier 1
TCK00003563,APP0032219,Other,21,Tier 1
TCK00003564,APP0032239,Upload,18,Tier 1
TCK00003565,APP0032259,Status Inquiry,13,Tier 1
TCK00003566,APP0032260,Upload,30,Tier 1
TCK00003567,APP0032263,Login,16,Tier 1
TCK00003568,APP0032288,Login,13,Tier 1
TCK00003569,APP0032299,Upload,10,Tier 1
TCK00003570,APP0032301,Upload,12,Tier 1
TCK00003571,APP0032304,Status Inquiry,16,Tier 2
TCK00003572,APP0032306,Login,15,Tier 1
TCK00003573,APP0032308,Status Inquiry,23,Tier 1
TCK00003574,APP0032312,Upload,14,Tier 1
TCK00003575,APP0032313,Upload,11,Tier 1
TCK00003576,APP0032320,Login,22,Tier 1
TCK00003577,APP0032332,Login,12,Tier 2
TCK00003578,APP0032334,Status Inquiry,32,Tier 1
TCK00003579,APP0032350,Login,7,Tier 1
TCK00003580,APP0032360,Login,16,Tier 2
TCK00003581,APP0032384,Status Inquiry,11,Tier 3
TCK00003582,APP0032393,Upload,20,Tier 1
TCK00003583,APP0032420,Login,28,Tier 1
TCK00003584,APP0032421,Login,14,Tier 1
TCK00003585,APP0032454,Status Inquiry,5,Tier 2
TCK00003586,APP0032474,Login,20,Tier 2
TCK00003587,APP0032482,Upload,18,Tier 1
TCK00003588,APP0032485,Status Inquiry,23,Tier 2
TCK00003589,APP0032487,Upload,11,Tier 1
TCK00003590,APP0032512,Login,12,Tier 1
TCK00003591,APP0032514,Upload,11,Tier 2
TCK00003592,APP0032526,Login,13,Tier 1
TCK00003593,APP0032527,Status Inquiry,17,Tier 1
TCK00003594,APP0032562,Upload,29,Tier 1
TCK00003595,APP0032563,Login,21,Tier 2
TCK00003596,APP0032569,Upload,15,Tier 1
TCK00003597,APP0032576,Other,6,Tier 1
TCK00003598,APP0032587,Status Inquiry,29,Tier 1
TCK00003599,APP0032592,Upload,23,Tier 1
TCK00003600,APP0032599,Status Inquiry,29,Tier 1
TCK00003601,APP0032603,Login,1,Tier 1
TCK00003602,APP0032605,Upload,37,Tier 1
TCK00003603,APP0032615,Upload,10,Tier 2
TCK00003604,APP0032617,Login,9,Tier 1
TCK00003605,APP0032654,Login,12,Tier 1
TCK00003606,APP0032669,Login,13,Tier 1
TCK00003607,APP0032676,Login,29,Tier 2
TCK00003608,APP0032696,Login,1,Tier 1
TCK00003609,APP0032718,Upload,22,Tier 2
TCK00003610,APP0032727,Login,28,Tier 2
TCK00003611,APP0032735,Other,27,Tier 3
TCK00003612,APP0032737,Status Inquiry,23,Tier 1
TCK00003613,APP0032740,Upload,25,Tier 1
TCK00003614,APP0032747,Other,15,Tier 2
TCK00003615,APP0032775,Upload,12,Tier 1
TCK00003616,APP0032779,Upload,12,Tier 2
TCK00003617,APP0032781,Other,3,Tier 2
TCK00003618,APP0032784,Other,25,Tier 1
TCK00003619,APP0032799,Upload,17,Tier 1
TCK00003620,APP0032803,Upload,20,Tier 1
TCK00003621,APP0032810,Status Inquiry,30,Tier 1
TCK00003622,APP0032843,Login,29,Tier 1
TCK00003623,APP0032844,Login,22,Tier 1
TCK00003624,APP0032850,Login,11,Tier 2
TCK00003625,APP0032853,Login,3,Tier 2
TCK00003626,APP0032854,Other,25,Tier 2
TCK00003627,APP0032886,Login,4,Tier 3
TCK00003628,APP0032893,Other,15,Tier 1
TCK00003629,APP0032895,Upload,16,Tier 1
TCK00003630,APP0032896,Upload,11,Tier 2
TCK00003631,APP0032898,Login,18,Tier 2
TCK00003632,APP0032904,Other,25,Tier 1
TCK00003633,APP0032907,Status Inquiry,29,Tier 1
TCK00003634,APP0032916,Login,14,Tier 1
TCK00003635,APP0032918,Upload,7,Tier 2
TCK00003636,APP0032921,Login,16,Tier 1
TCK00003637,APP0032937,Status Inquiry,9,Tier 1
TCK00003638,APP0032945,Login,9,Tier 1
TCK00003639,APP0032948,Login,19,Tier 2
TCK00003640,APP0032955,Login,26,Tier 1
TCK00003641,APP0032958,Status Inquiry,19,Tier 2
TCK00003642,APP0032961,Status Inquiry,20,Tier 2
TCK00003643,APP0032976,Status Inquiry,27,Tier 1
TCK00003644,APP0032982,Other,22,Tier 1
TCK00003645,APP0032985,Status Inquiry,8,Tier 3
TCK00003646,APP0033001,Status Inquiry,13,Tier 1
TCK00003647,APP0033015,Login,14,Tier 2
TCK00003648,APP0033020,Other,29,Tier 1
TCK00003649,APP0033035,Upload,7,Tier 1
TCK00003650,APP0033057,Upload,16,Tier 2
TCK00003651,APP0033065,Upload,1,Tier 1
TCK00003652,APP0033079,Upload,13,Tier 2
TCK00003653,APP0033092,Login,10,Tier 1
TCK00003654,APP0033095,Login,9,Tier 1
TCK00003655,APP0033098,Status Inquiry,22,Tier 2
TCK00003656,APP0033107,Status Inquiry,10,Tier 1
TCK00003657,APP0033111,Status Inquiry,28,Tier 3
TCK00003658,APP0033131,Upload,18,Tier 2
TCK00003659,APP0033136,Login,15,Tier 1
TCK00003660,APP0033153,Upload,8,Tier 2
TCK00003661,APP0033169,Status Inquiry,31,Tier 2
TCK00003662,APP0033191,Login,18,Tier 3
TCK00003663,APP0033196,Status Inquiry,31,Tier 1
TCK00003664,APP0033201,Login,37,Tier 2
TCK00003665,APP0033208,Upload,17,Tier 1
TCK00003666,APP0033210,Upload,23,Tier 1
TCK00003667,APP0033224,Upload,29,Tier 1
TCK00003668,APP0033226,Status Inquiry,18,Tier 1
TCK00003669,APP0033227,Login,4,Tier 1
TCK00003670,APP0033232,Status Inquiry,26,Tier 1
TCK00003671,APP0033241,Status Inquiry,13,Tier 1
TCK00003672,APP0033269,Login,8,Tier 2
TCK00003673,APP0033274,Login,13,Tier 2
TCK00003674,APP0033300,Other,29,Tier 1
TCK00003675,APP0033304,Login,10,Tier 2
TCK00003676,APP0033309,Status Inquiry,13,Tier 1
TCK00003677,APP0033321,Other,9,Tier 2
TCK00003678,APP0033326,Status Inquiry,27,Tier 2
TCK00003679,APP0033330,Status Inquiry,23,Tier 3
TCK00003680,APP0033332,Login,31,Tier 1
TCK00003681,APP0033338,Upload,26,Tier 1
TCK00003682,APP0033354,Status Inquiry,22,Tier 1
TCK00003683,APP0033361,Login,30,Tier 1
TCK00003684,APP0033374,Other,27,Tier 1
TCK00003685,APP0033376,Other,20,Tier 1
TCK00003686,APP0033378,Upload,24,Tier 1
TCK00003687,APP0033380,Status Inquiry,34,Tier 1
TCK00003688,APP0033391,Login,24,Tier 1
TCK00003689,APP0033403,Upload,5,Tier 2
TCK00003690,APP0033408,Upload,1,Tier 1
TCK00003691,APP0033438,Status Inquiry,10,Tier 1
TCK00003692,APP0033446,Upload,27,Tier 1
TCK00003693,APP0033478,Upload,22,Tier 1
TCK00003694,APP0033485,Login,24,Tier 1
TCK00003695,APP0033487,Login,17,Tier 1
TCK00003696,APP0033489,Login,17,Tier 1
TCK00003697,APP0033495,Upload,14,Tier 1
TCK00003698,APP0033521,Status Inquiry,17,Tier 1
TCK00003699,APP0033522,Status Inquiry,17,Tier 1
TCK00003700,APP0033532,Upload,16,Tier 1
TCK00003701,APP0033552,Status Inquiry,8,Tier 2
TCK00003702,APP0033556,Other,6,Tier 2
TCK00003703,APP0033580,Other,28,Tier 1
TCK00003704,APP0033584,Status Inquiry,18,Tier 2
TCK00003705,APP0033586,Other,21,Tier 2
TCK00003706,APP0033588,Status Inquiry,12,Tier 1
TCK00003707,APP0033600,Login,17,Tier 1
TCK00003708,APP0033605,Login,21,Tier 1
TCK00003709,APP0033623,Upload,14,Tier 2
TCK00003710,APP0033635,Other,10,Tier 1
TCK00003711,APP0033640,Upload,21,Tier 3
TCK00003712,APP0033661,Login,22,Tier 1
TCK00003713,APP0033662,Status Inquiry,6,Tier 1
TCK00003714,APP0033663,Login,9,Tier 3
TCK00003715,APP0033664,Login,27,Tier 1
TCK00003716,APP0033677,Login,9,Tier 2
TCK00003717,APP0033679,Status Inquiry,9,Tier 1
TCK00003718,APP0033683,Other,9,Tier 1
TCK00003719,APP0033686,Status Inquiry,18,Tier 1
TCK00003720,APP0033691,Status Inquiry,15,Tier 1
TCK00003721,APP0033710,Login,23,Tier 1
TCK00003722,APP0033717,Status Inquiry,7,Tier 1
TCK00003723,APP0033724,Upload,11,Tier 1
TCK00003724,APP0033736,Status Inquiry,16,Tier 1
TCK00003725,APP0033739,Upload,16,Tier 1
TCK00003726,APP0033745,Upload,8,Tier 1
TCK00003727,APP0033749,Other,13,Tier 1
TCK00003728,APP0033750,Upload,10,Tier 1
TCK00003729,APP0033756,Other,15,Tier 2
TCK00003730,APP0033785,Login,7,Tier 1
TCK00003731,APP0033800,Upload,25,Tier 1
TCK00003732,APP0033827,Status Inquiry,15,Tier 1
TCK00003733,APP0033833,Upload,13,Tier 2
TCK00003734,APP0033839,Status Inquiry,1,Tier 1
TCK00003735,APP0033848,Other,11,Tier 1
TCK00003736,APP0033851,Other,19,Tier 2
TCK00003737,APP0033859,Status Inquiry,24,Tier 2
TCK00003738,APP0033871,Login,7,Tier 1
TCK00003739,APP0033877,Login,31,Tier 1
TCK00003740,APP0033882,Status Inquiry,35,Tier 2
TCK00003741,APP0033892,Status Inquiry,11,Tier 1
TCK00003742,APP0033903,Upload,26,Tier 1
TCK00003743,APP0033914,Status Inquiry,9,Tier 1
TCK00003744,APP0033919,Upload,20,Tier 1
TCK00003745,APP0033923,Status Inquiry,20,Tier 1
TCK00003746,APP0033927,Status Inquiry,25,Tier 3
TCK00003747,APP0033944,Upload,20,Tier 2
TCK00003748,APP0033978,Upload,15,Tier 1
TCK00003749,APP0033992,Upload,18,Tier 1
TCK00003750,APP0033993,Upload,23,Tier 1
TCK00003751,APP0033997,Status Inquiry,14,Tier 2
TCK00003752,APP0033998,Status Inquiry,23,Tier 1
TCK00003753,APP0034011,Upload,12,Tier 1
TCK00003754,APP0034014,Other,19,Tier 1
TCK00003755,APP0034015,Login,25,Tier 2
TCK00003756,APP0034025,Status Inquiry,13,Tier 2
TCK00003757,APP0034035,Login,20,Tier 1
TCK00003758,APP0034040,Upload,1,Tier 1
TCK00003759,APP0034044,Upload,13,Tier 3
TCK00003760,APP0034109,Upload,34,Tier 1
TCK00003761,APP0034112,Status Inquiry,9,Tier 1
TCK00003762,APP0034115,Upload,9,Tier 1
TCK00003763,APP0034117,Status Inquiry,24,Tier 1
TCK00003764,APP0034132,Status Inquiry,14,Tier 1
TCK00003765,APP0034134,Status Inquiry,12,Tier 1
TCK00003766,APP0034146,Status Inquiry,13,Tier 1
TCK00003767,APP0034147,Status Inquiry,25,Tier 1
TCK00003768,APP0034152,Status Inquiry,14,Tier 1
TCK00003769,APP0034158,Upload,3,Tier 2
TCK00003770,APP0034181,Status Inquiry,27,Tier 2
TCK00003771,APP0034182,Status Inquiry,27,Tier 1
TCK00003772,APP0034193,Upload,22,Tier 1
TCK00003773,APP0034197,Status Inquiry,16,Tier 1
TCK00003774,APP0034200,Upload,8,Tier 1
TCK00003775,APP0034209,Login,32,Tier 1
TCK00003776,APP0034214,Status Inquiry,1,Tier 1
TCK00003777,APP0034215,Status Inquiry,27,Tier 2
TCK00003778,APP0034225,Upload,26,Tier 1
TCK00003779,APP0034243,Upload,23,Tier 1
TCK00003780,APP0034261,Login,22,Tier 1
TCK00003781,APP0034271,Upload,25,Tier 2
TCK00003782,APP0034286,Status Inquiry,18,Tier 2
TCK00003783,APP0034302,Login,25,Tier 2
TCK00003784,APP0034322,Upload,24,Tier 1
TCK00003785,APP0034331,Other,18,Tier 1
TCK00003786,APP0034333,Other,19,Tier 2
TCK00003787,APP0034337,Login,18,Tier 1
TCK00003788,APP0034342,Other,29,Tier 2
TCK00003789,APP0034347,Upload,9,Tier 1
TCK00003790,APP0034353,Login,16,Tier 2
TCK00003791,APP0034355,Other,29,Tier 1
TCK00003792,APP0034356,Status Inquiry,11,Tier 1
TCK00003793,APP0034361,Status Inquiry,20,Tier 1
TCK00003794,APP0034370,Login,17,Tier 1
TCK00003795,APP0034384,Other,5,Tier 1
TCK00003796,APP0034396,Upload,19,Tier 2
TCK00003797,APP0034402,Login,25,Tier 2
TCK00003798,APP0034411,Status Inquiry,16,Tier 1
TCK00003799,APP0034414,Login,25,Tier 1
TCK00003800,APP0034415,Upload,22,Tier 1
TCK00003801,APP0034420,Upload,20,Tier 1
TCK00003802,APP0034425,Status Inquiry,4,Tier 1
TCK00003803,APP0034432,Upload,22,Tier 1
TCK00003804,APP0034447,Status Inquiry,20,Tier 2
TCK00003805,APP0034453,Login,23,Tier 1
TCK00003806,APP0034459,Upload,23,Tier 2
TCK00003807,APP0034469,Upload,10,Tier 1
TCK00003808,APP0034470,Upload,13,Tier 1
TCK00003809,APP0034474,Upload,8,Tier 1
TCK00003810,APP0034475,Upload,20,Tier 1
TCK00003811,APP0034494,Upload,11,Tier 1
TCK00003812,APP0034509,Login,28,Tier 1
TCK00003813,APP0034519,Login,25,Tier 1
TCK00003814,APP0034525,Status Inquiry,8,Tier 1
TCK00003815,APP0034526,Status Inquiry,22,Tier 1
TCK00003816,APP0034543,Status Inquiry,13,Tier 1
TCK00003817,APP0034555,Other,1,Tier 2
TCK00003818,APP0034557,Login,22,Tier 2
TCK00003819,APP0034574,Upload,7,Tier 1
TCK00003820,APP0034578,Status Inquiry,14,Tier 1
TCK00003821,APP0034606,Login,22,Tier 1
TCK00003822,APP0034609,Login,22,Tier 1
TCK00003823,APP0034648,Status Inquiry,39,Tier 1
TCK00003824,APP0034655,Other,22,Tier 1
TCK00003825,APP0034664,Status Inquiry,16,Tier 1
TCK00003826,APP0034676,Status Inquiry,11,Tier 1
TCK00003827,APP0034684,Status Inquiry,1,Tier 1
TCK00003828,APP0034687,Upload,13,Tier 1
TCK00003829,APP0034688,Other,16,Tier 1
TCK00003830,APP0034707,Login,32,Tier 1
TCK00003831,APP0034710,Login,14,Tier 2
TCK00003832,APP0034715,Status Inquiry,4,Tier 1
TCK00003833,APP0034720,Status Inquiry,19,Tier 1
TCK00003834,APP0034721,Upload,18,Tier 2
TCK00003835,APP0034730,Upload,22,Tier 1
TCK00003836,APP0034739,Status Inquiry,18,Tier 1
TCK00003837,APP0034747,Status Inquiry,10,Tier 2
TCK00003838,APP0034753,Status Inquiry,4,Tier 1
TCK00003839,APP0034755,Upload,14,Tier 1
TCK00003840,APP0034760,Upload,15,Tier 1
TCK00003841,APP0034768,Upload,18,Tier 2
TCK00003842,APP0034783,Upload,28,Tier 1
TCK00003843,APP0034799,Status Inquiry,15,Tier 1
TCK00003844,APP0034803,Login,11,Tier 1
TCK00003845,APP0034810,Login,1,Tier 2
TCK00003846,APP0034824,Upload,23,Tier 1
TCK00003847,APP0034829,Status Inquiry,6,Tier 1
TCK00003848,APP0034835,Upload,13,Tier 1
TCK00003849,APP0034867,Upload,9,Tier 1
TCK00003850,APP0034875,Other,17,Tier 2
TCK00003851,APP0034891,Upload,14,Tier 1
TCK00003852,APP0034894,Login,14,Tier 1
TCK00003853,APP0034896,Other,10,Tier 3
TCK00003854,APP0034903,Status Inquiry,23,Tier 1
TCK00003855,APP0034912,Upload,7,Tier 1
TCK00003856,APP0034941,Upload,13,Tier 1
TCK00003857,APP0034948,Status Inquiry,26,Tier 3
TCK00003858,APP0034950,Login,7,Tier 1
TCK00003859,APP0034952,Login,34,Tier 1
TCK00003860,APP0034970,Other,14,Tier 2
TCK00003861,APP0034973,Upload,28,Tier 1
TCK00003862,APP0034983,Login,32,Tier 2
TCK00003863,APP0034992,Other,16,Tier 1
TCK00003864,APP0035012,Upload,20,Tier 2
TCK00003865,APP0035022,Login,29,Tier 1
TCK00003866,APP0035029,Upload,22,Tier 1
TCK00003867,APP0035032,Status Inquiry,38,Tier 1
TCK00003868,APP0035039,Upload,25,Tier 1
TCK00003869,APP0035042,Status Inquiry,16,Tier 1
TCK00003870,APP0035043,Upload,27,Tier 2
TCK00003871,APP0035047,Other,19,Tier 1
TCK00003872,APP0035050,Upload,33,Tier 1
TCK00003873,APP0035054,Upload,6,Tier 1
TCK00003874,APP0035073,Upload,31,Tier 1
TCK00003875,APP0035082,Login,35,Tier 1
TCK00003876,APP0035087,Login,31,Tier 2
TCK00003877,APP0035090,Upload,18,Tier 1
TCK00003878,APP0035099,Upload,1,Tier 2
TCK00003879,APP0035100,Upload,11,Tier 2
TCK00003880,APP0035107,Login,18,Tier 1
TCK00003881,APP0035112,Login,29,Tier 2
TCK00003882,APP0035118,Status Inquiry,19,Tier 1
TCK00003883,APP0035128,Upload,13,Tier 1
TCK00003884,APP0035135,Upload,20,Tier 1
TCK00003885,APP0035139,Other,29,Tier 1
TCK00003886,APP0035144,Upload,14,Tier 1
TCK00003887,APP0035147,Login,18,Tier 1
TCK00003888,APP0035148,Upload,20,Tier 2
TCK00003889,APP0035156,Other,22,Tier 1
TCK00003890,APP0035159,Login,25,Tier 2
TCK00003891,APP0035162,Login,28,Tier 1
TCK00003892,APP0035166,Status Inquiry,5,Tier 1
TCK00003893,APP0035169,Login,22,Tier 1
TCK00003894,APP0035178,Status Inquiry,17,Tier 2
TCK00003895,APP0035207,Upload,10,Tier 2
TCK00003896,APP0035209,Upload,20,Tier 1
TCK00003897,APP0035222,Upload,18,Tier 1
TCK00003898,APP0035239,Upload,16,Tier 2
TCK00003899,APP0035252,Status Inquiry,22,Tier 1
TCK00003900,APP0035258,Upload,15,Tier 1
TCK00003901,APP0035270,Status Inquiry,20,Tier 1
TCK00003902,APP0035284,Upload,18,Tier 1
TCK00003903,APP0035295,Login,18,Tier 1
TCK00003904,APP0035300,Status Inquiry,17,Tier 1
TCK00003905,APP0035309,Status Inquiry,15,Tier 2
TCK00003906,APP0035314,Status Inquiry,28,Tier 2
TCK00003907,APP0035331,Upload,23,Tier 1
TCK00003908,APP0035335,Upload,20,Tier 2
TCK00003909,APP0035345,Upload,24,Tier 2
TCK00003910,APP0035346,Upload,12,Tier 2
TCK00003911,APP0035361,Upload,29,Tier 1
TCK00003912,APP0035373,Upload,4,Tier 3
TCK00003913,APP0035387,Status Inquiry,15,Tier 1
TCK00003914,APP0035417,Upload,4,Tier 1
TCK00003915,APP0035428,Other,13,Tier 1
TCK00003916,APP0035429,Status Inquiry,20,Tier 1
TCK00003917,APP0035455,Upload,18,Tier 1
TCK00003918,APP0035458,Upload,34,Tier 3
TCK00003919,APP0035482,Login,19,Tier 1
TCK00003920,APP0035493,Upload,21,Tier 1
TCK00003921,APP0035500,Login,17,Tier 1
TCK00003922,APP0035506,Upload,9,Tier 1
TCK00003923,APP0035515,Other,24,Tier 1
TCK00003924,APP0035545,Status Inquiry,29,Tier 1
TCK00003925,APP0035547,Login,8,Tier 2
TCK00003926,APP0035561,Status Inquiry,2,Tier 1
TCK00003927,APP0035568,Status Inquiry,3,Tier 1
TCK00003928,APP0035572,Login,15,Tier 1
TCK00003929,APP0035580,Login,19,Tier 1
TCK00003930,APP0035584,Upload,23,Tier 2
TCK00003931,APP0035596,Upload,1,Tier 1
TCK00003932,APP0035616,Status Inquiry,4,Tier 1
TCK00003933,APP0035619,Login,18,Tier 1
TCK00003934,APP0035621,Login,21,Tier 1
TCK00003935,APP0035629,Status Inquiry,14,Tier 1
TCK00003936,APP0035642,Login,12,Tier 1
TCK00003937,APP0035654,Status Inquiry,21,Tier 2
TCK00003938,APP0035699,Upload,12,Tier 1
TCK00003939,APP0035708,Upload,3,Tier 2
TCK00003940,APP0035724,Status Inquiry,28,Tier 2
TCK00003941,APP0035727,Upload,25,Tier 1
TCK00003942,APP0035731,Other,14,Tier 3
TCK00003943,APP0035733,Upload,16,Tier 1
TCK00003944,APP0035738,Login,11,Tier 2
TCK00003945,APP0035739,Status Inquiry,30,Tier 1
TCK00003946,APP0035744,Login,21,Tier 1
TCK00003947,APP0035750,Other,25,Tier 1
TCK00003948,APP0035752,Login,16,Tier 1
TCK00003949,APP0035754,Status Inquiry,9,Tier 2
TCK00003950,APP0035761,Status Inquiry,36,Tier 1
TCK00003951,APP0035769,Status Inquiry,21,Tier 1
TCK00003952,APP0035798,Other,26,Tier 1
TCK00003953,APP0035801,Status Inquiry,29,Tier 1
TCK00003954,APP0035804,Login,33,Tier 1
TCK00003955,APP0035805,Status Inquiry,22,Tier 2
TCK00003956,APP0035823,Upload,5,Tier 1
TCK00003957,APP0035829,Status Inquiry,22,Tier 2
TCK00003958,APP0035834,Status Inquiry,13,Tier 1
TCK00003959,APP0035835,Status Inquiry,16,Tier 2
TCK00003960,APP0035847,Status Inquiry,26,Tier 1
TCK00003961,APP0035904,Status Inquiry,20,Tier 1
TCK00003962,APP0035906,Other,15,Tier 1
TCK00003963,APP0035920,Status Inquiry,17,Tier 1
TCK00003964,APP0035942,Status Inquiry,22,Tier 1
TCK00003965,APP0035949,Status Inquiry,29,Tier 2
TCK00003966,APP0035952,Upload,28,Tier 2
TCK00003967,APP0035954,Status Inquiry,6,Tier 1
TCK00003968,APP0035971,Status Inquiry,22,Tier 1
TCK00003969,APP0035978,Status Inquiry,20,Tier 1
TCK00003970,APP0035984,Upload,24,Tier 2
TCK00003971,APP0035986,Upload,24,Tier 1
TCK00003972,APP0035990,Other,23,Tier 1
TCK00003973,APP0035995,Upload,26,Tier 1
TCK00003974,APP0036003,Status Inquiry,20,Tier 1
TCK00003975,APP0036034,Upload,28,Tier 1
TCK00003976,APP0036037,Status Inquiry,34,Tier 1
TCK00003977,APP0036038,Status Inquiry,15,Tier 1
TCK00003978,APP0036045,Login,9,Tier 1
TCK00003979,APP0036051,Upload,15,Tier 1
TCK00003980,APP0036055,Login,18,Tier 1
TCK00003981,APP0036061,Status Inquiry,16,Tier 1
TCK00003982,APP0036072,Status Inquiry,11,Tier 1
TCK00003983,APP0036075,Status Inquiry,13,Tier 1
TCK00003984,APP0036077,Upload,24,Tier 1
TCK00003985,APP0036088,Upload,25,Tier 1
TCK00003986,APP0036101,Upload,11,Tier 1
TCK00003987,APP0036108,Status Inquiry,16,Tier 2
TCK00003988,APP0036110,Status Inquiry,6,Tier 1
TCK00003989,APP0036113,Status Inquiry,12,Tier 1
TCK00003990,APP0036121,Status Inquiry,19,Tier 3
TCK00003991,APP0036135,Status Inquiry,14,Tier 1
TCK00003992,APP0036138,Upload,17,Tier 1
TCK00003993,APP0036140,Upload,7,Tier 2
TCK00003994,APP0036144,Login,16,Tier 1
TCK00003995,APP0036167,Upload,4,Tier 2
TCK00003996,APP0036174,Upload,18,Tier 1
TCK00003997,APP0036182,Status Inquiry,17,Tier 1
TCK00003998,APP0036186,Other,10,Tier 2
TCK00003999,APP0036188,Status Inquiry,16,Tier 1
TCK00004000,APP0036197,Upload,19,Tier 1
TCK00004001,APP0036198,Login,21,Tier 1
TCK00004002,APP0036206,Status Inquiry,34,Tier 1
TCK00004003,APP0036218,Upload,31,Tier 2
TCK00004004,APP0036227,Other,14,Tier 1
TCK00004005,APP0036245,Status Inquiry,33,Tier 1
TCK00004006,APP0036261,Login,19,Tier 1
TCK00004007,APP0036268,Status Inquiry,38,Tier 1
TCK00004008,APP0036270,Upload,21,Tier 1
TCK00004009,APP0036271,Other,14,Tier 1
TCK00004010,APP0036276,Login,22,Tier 1
TCK00004011,APP0036279,Upload,18,Tier 1
TCK00004012,APP0036296,Login,29,Tier 2
TCK00004013,APP0036312,Upload,16,Tier 1
TCK00004014,APP0036313,Upload,15,Tier 1
TCK00004015,APP0036320,Status Inquiry,1,Tier 1
TCK00004016,APP0036322,Login,16,Tier 2
TCK00004017,APP0036324,Other,13,Tier 3
TCK00004018,APP0036328,Login,13,Tier 1
TCK00004019,APP0036335,Upload,27,Tier 1
TCK00004020,APP0036341,Status Inquiry,24,Tier 1
TCK00004021,APP0036348,Upload,18,Tier 1
TCK00004022,APP0036356,Upload,17,Tier 2
TCK00004023,APP0036367,Other,11,Tier 1
TCK00004024,APP0036373,Login,9,Tier 1
TCK00004025,APP0036393,Login,22,Tier 1
TCK00004026,APP0036406,Upload,20,Tier 1
TCK00004027,APP0036410,Login,9,Tier 1
TCK00004028,APP0036427,Upload,17,Tier 1
TCK00004029,APP0036435,Upload,15,Tier 1
TCK00004030,APP0036447,Login,17,Tier 2
TCK00004031,APP0036450,Upload,31,Tier 1
TCK00004032,APP0036457,Upload,12,Tier 2
TCK00004033,APP0036460,Status Inquiry,29,Tier 1
TCK00004034,APP0036463,Login,26,Tier 1
TCK00004035,APP0036474,Upload,18,Tier 1
TCK00004036,APP0036482,Status Inquiry,25,Tier 1
TCK00004037,APP0036486,Status Inquiry,21,Tier 1
TCK00004038,APP0036489,Status Inquiry,16,Tier 1
TCK00004039,APP0036501,Upload,3,Tier 1
TCK00004040,APP0036543,Upload,7,Tier 1
TCK00004041,APP0036568,Status Inquiry,10,Tier 1
TCK00004042,APP0036570,Upload,15,Tier 2
TCK00004043,APP0036576,Upload,17,Tier 1
TCK00004044,APP0036588,Upload,29,Tier 1
TCK00004045,APP0036603,Status Inquiry,18,Tier 1
TCK00004046,APP0036624,Upload,32,Tier 1
TCK00004047,APP0036656,Status Inquiry,28,Tier 2
TCK00004048,APP0036675,Upload,27,Tier 1
TCK00004049,APP0036696,Upload,18,Tier 2
TCK00004050,APP0036708,Other,19,Tier 1
TCK00004051,APP0036709,Status Inquiry,24,Tier 1
TCK00004052,APP0036719,Status Inquiry,16,Tier 1
TCK00004053,APP0036720,Upload,19,Tier 1
TCK00004054,APP0036731,Other,5,Tier 1
TCK00004055,APP0036742,Status Inquiry,23,Tier 1
TCK00004056,APP0036752,Upload,22,Tier 2
TCK00004057,APP0036755,Status Inquiry,15,Tier 3
TCK00004058,APP0036768,Login,30,Tier 1
TCK00004059,APP0036782,Login,32,Tier 1
TCK00004060,APP0036790,Login,22,Tier 1
TCK00004061,APP0036792,Login,13,Tier 1
TCK00004062,APP0036800,Upload,23,Tier 2
TCK00004063,APP0036837,Upload,21,Tier 3
TCK00004064,APP0036838,Login,26,Tier 1
TCK00004065,APP0036841,Status Inquiry,16,Tier 1
TCK00004066,APP0036866,Status Inquiry,23,Tier 3
TCK00004067,APP0036868,Upload,24,Tier 1
TCK00004068,APP0036881,Status Inquiry,23,Tier 3
TCK00004069,APP0036896,Login,22,Tier 3
TCK00004070,APP0036899,Status Inquiry,19,Tier 1
TCK00004071,APP0036922,Other,15,Tier 1
TCK00004072,APP0036944,Status Inquiry,10,Tier 3
TCK00004073,APP0036946,Status Inquiry,1,Tier 1
TCK00004074,APP0036958,Status Inquiry,2,Tier 1
TCK00004075,APP0036960,Login,12,Tier 1
TCK00004076,APP0036968,Other,14,Tier 1
TCK00004077,APP0037025,Other,28,Tier 1
TCK00004078,APP0037036,Login,23,Tier 1
TCK00004079,APP0037043,Other,12,Tier 1
TCK00004080,APP0037064,Upload,14,Tier 1
TCK00004081,APP0037071,Upload,12,Tier 1
TCK00004082,APP0037099,Upload,12,Tier 1
TCK00004083,APP0037107,Upload,34,Tier 1
TCK00004084,APP0037117,Other,12,Tier 1
TCK00004085,APP0037125,Login,21,Tier 2
TCK00004086,APP0037130,Login,16,Tier 1
TCK00004087,APP0037131,Status Inquiry,8,Tier 1
TCK00004088,APP0037133,Upload,16,Tier 2
TCK00004089,APP0037157,Status Inquiry,5,Tier 1
TCK00004090,APP0037160,Status Inquiry,16,Tier 2
TCK00004091,APP0037166,Upload,24,Tier 2
TCK00004092,APP0037167,Other,9,Tier 2
TCK00004093,APP0037203,Status Inquiry,26,Tier 2
TCK00004094,APP0037209,Upload,12,Tier 2
TCK00004095,APP0037213,Upload,13,Tier 1
TCK00004096,APP0037224,Status Inquiry,17,Tier 1
TCK00004097,APP0037231,Login,27,Tier 1
TCK00004098,APP0037238,Login,10,Tier 1
TCK00004099,APP0037249,Login,21,Tier 1
TCK00004100,APP0037250,Other,9,Tier 1
TCK00004101,APP0037252,Other,24,Tier 1
TCK00004102,APP0037254,Login,35,Tier 3
TCK00004103,APP0037257,Upload,3,Tier 1
TCK00004104,APP0037263,Login,15,Tier 1
TCK00004105,APP0037291,Login,12,Tier 1
TCK00004106,APP0037306,Status Inquiry,13,Tier 1
TCK00004107,APP0037317,Upload,3,Tier 1
TCK00004108,APP0037325,Other,17,Tier 1
TCK00004109,APP0037334,Status Inquiry,10,Tier 2
TCK00004110,APP0037340,Login,12,Tier 1
TCK00004111,APP0037350,Upload,20,Tier 1
TCK00004112,APP0037369,Upload,14,Tier 1
TCK00004113,APP0037372,Status Inquiry,12,Tier 2
TCK00004114,APP0037376,Upload,32,Tier 2
TCK00004115,APP0037382,Upload,19,Tier 1
TCK00004116,APP0037388,Upload,15,Tier 3
TCK00004117,APP0037389,Other,17,Tier 1
TCK00004118,APP0037395,Upload,17,Tier 1
TCK00004119,APP0037415,Upload,16,Tier 3
TCK00004120,APP0037432,Upload,22,Tier 3
TCK00004121,APP0037441,Status Inquiry,10,Tier 2
TCK00004122,APP0037445,Upload,28,Tier 1
TCK00004123,APP0037447,Other,18,Tier 2
TCK00004124,APP0037452,Upload,27,Tier 1
TCK00004125,APP0037461,Login,15,Tier 1
TCK00004126,APP0037467,Upload,32,Tier 1
TCK00004127,APP0037474,Login,22,Tier 1
TCK00004128,APP0037493,Login,19,Tier 2
TCK00004129,APP0037500,Upload,31,Tier 2
TCK00004130,APP0037502,Login,19,Tier 1
TCK00004131,APP0037507,Login,25,Tier 1
TCK00004132,APP0037508,Other,16,Tier 2
TCK00004133,APP0037517,Status Inquiry,41,Tier 1
TCK00004134,APP0037529,Status Inquiry,18,Tier 1
TCK00004135,APP0037530,Login,14,Tier 1
TCK00004136,APP0037536,Status Inquiry,20,Tier 1
TCK00004137,APP0037540,Upload,27,Tier 1
TCK00004138,APP0037546,Status Inquiry,12,Tier 1
TCK00004139,APP0037551,Status Inquiry,26,Tier 1
TCK00004140,APP0037564,Login,15,Tier 2
TCK00004141,APP0037569,Login,13,Tier 2
TCK00004142,APP0037573,Status Inquiry,10,Tier 1
TCK00004143,APP0037576,Other,29,Tier 1
TCK00004144,APP0037578,Upload,7,Tier 2
TCK00004145,APP0037582,Status Inquiry,12,Tier 1
TCK00004146,APP0037586,Other,12,Tier 1
TCK00004147,APP0037591,Status Inquiry,16,Tier 2
TCK00004148,APP0037606,Status Inquiry,19,Tier 2
TCK00004149,APP0037613,Upload,12,Tier 1
TCK00004150,APP0037617,Other,12,Tier 2
TCK00004151,APP0037636,Login,1,Tier 2
TCK00004152,APP0037637,Status Inquiry,27,Tier 1
TCK00004153,APP0037649,Upload,20,Tier 2
TCK00004154,APP0037654,Login,25,Tier 3
TCK00004155,APP0037669,Status Inquiry,21,Tier 1
TCK00004156,APP0037672,Upload,4,Tier 3
TCK00004157,APP0037679,Login,24,Tier 1
TCK00004158,APP0037684,Status Inquiry,30,Tier 1
TCK00004159,APP0037697,Status Inquiry,5,Tier 2
TCK00004160,APP0037700,Other,26,Tier 1
TCK00004161,APP0037730,Login,11,Tier 2
TCK00004162,APP0037733,Status Inquiry,13,Tier 1
TCK00004163,APP0037735,Upload,7,Tier 2
TCK00004164,APP0037791,Upload,10,Tier 2
TCK00004165,APP0037798,Login,18,Tier 1
TCK00004166,APP0037806,Status Inquiry,22,Tier 2
TCK00004167,APP0037816,Other,22,Tier 1
TCK00004168,APP0037817,Login,22,Tier 2
TCK00004169,APP0037818,Login,14,Tier 1
TCK00004170,APP0037820,Status Inquiry,22,Tier 1
TCK00004171,APP0037838,Upload,23,Tier 1
TCK00004172,APP0037846,Upload,26,Tier 1
TCK00004173,APP0037849,Upload,22,Tier 1
TCK00004174,APP0037851,Upload,30,Tier 3
TCK00004175,APP0037862,Other,18,Tier 1
TCK00004176,APP0037879,Other,1,Tier 1
TCK00004177,APP0037891,Upload,23,Tier 2
TCK00004178,APP0037894,Status Inquiry,21,Tier 2
TCK00004179,APP0037905,Login,25,Tier 1
TCK00004180,APP0037913,Login,9,Tier 1
TCK00004181,APP0037922,Login,25,Tier 1
TCK00004182,APP0037932,Upload,21,Tier 1
TCK00004183,APP0037937,Upload,9,Tier 2
TCK00004184,APP0037949,Login,8,Tier 1
TCK00004185,APP0037960,Upload,25,Tier 2
TCK00004186,APP0037966,Status Inquiry,35,Tier 1
TCK00004187,APP0037972,Login,23,Tier 1
TCK00004188,APP0037991,Upload,11,Tier 1
TCK00004189,APP0037993,Upload,21,Tier 1
TCK00004190,APP0037999,Upload,10,Tier 2
TCK00004191,APP0038011,Login,15,Tier 1
TCK00004192,APP0038020,Status Inquiry,20,Tier 2
TCK00004193,APP0038021,Status Inquiry,15,Tier 1
TCK00004194,APP0038037,Status Inquiry,27,Tier 2
TCK00004195,APP0038046,Other,4,Tier 2
TCK00004196,APP0038056,Upload,18,Tier 2
TCK00004197,APP0038057,Status Inquiry,26,Tier 1
TCK00004198,APP0038059,Other,19,Tier 2
TCK00004199,APP0038066,Other,25,Tier 1
TCK00004200,APP0038067,Status Inquiry,15,Tier 1
TCK00004201,APP0038068,Other,23,Tier 2
TCK00004202,APP0038075,Login,9,Tier 2
TCK00004203,APP0038083,Login,18,Tier 1
TCK00004204,APP0038086,Upload,16,Tier 3
TCK00004205,APP0038108,Status Inquiry,23,Tier 1
TCK00004206,APP0038122,Upload,13,Tier 1
TCK00004207,APP0038127,Login,18,Tier 1
TCK00004208,APP0038129,Upload,1,Tier 1
TCK00004209,APP0038140,Login,14,Tier 2
TCK00004210,APP0038143,Status Inquiry,23,Tier 1
TCK00004211,APP0038152,Status Inquiry,27,Tier 1
TCK00004212,APP0038171,Status Inquiry,21,Tier 2
TCK00004213,APP0038177,Upload,18,Tier 1
TCK00004214,APP0038196,Upload,33,Tier 1
TCK00004215,APP0038199,Status Inquiry,17,Tier 1
TCK00004216,APP0038203,Login,16,Tier 2
TCK00004217,APP0038206,Upload,20,Tier 1
TCK00004218,APP0038210,Other,17,Tier 1
TCK00004219,APP0038251,Login,9,Tier 1
TCK00004220,APP0038278,Other,4,Tier 1
TCK00004221,APP0038288,Status Inquiry,9,Tier 3
TCK00004222,APP0038300,Upload,20,Tier 1
TCK00004223,APP0038301,Other,22,Tier 1
TCK00004224,APP0038314,Upload,21,Tier 1
TCK00004225,APP0038332,Login,13,Tier 1
TCK00004226,APP0038336,Status Inquiry,13,Tier 2
TCK00004227,APP0038349,Status Inquiry,24,Tier 1
TCK00004228,APP0038351,Login,11,Tier 2
TCK00004229,APP0038356,Upload,13,Tier 2
TCK00004230,APP0038359,Upload,29,Tier 1
TCK00004231,APP0038362,Login,18,Tier 1
TCK00004232,APP0038372,Other,13,Tier 2
TCK00004233,APP0038378,Status Inquiry,12,Tier 1
TCK00004234,APP0038416,Other,27,Tier 1
TCK00004235,APP0038425,Other,17,Tier 1
TCK00004236,APP0038435,Login,18,Tier 2
TCK00004237,APP0038436,Status Inquiry,19,Tier 2
TCK00004238,APP0038442,Status Inquiry,1,Tier 1
TCK00004239,APP0038457,Other,10,Tier 1
TCK00004240,APP0038470,Login,19,Tier 1
TCK00004241,APP0038472,Login,16,Tier 1
TCK00004242,APP0038482,Login,20,Tier 2
TCK00004243,APP0038499,Other,10,Tier 2
TCK00004244,APP0038503,Other,10,Tier 2
TCK00004245,APP0038508,Status Inquiry,21,Tier 1
TCK00004246,APP0038531,Other,31,Tier 1
TCK00004247,APP0038546,Other,10,Tier 1
TCK00004248,APP0038563,Status Inquiry,17,Tier 2
TCK00004249,APP0038569,Status Inquiry,10,Tier 1
TCK00004250,APP0038577,Other,4,Tier 1
TCK00004251,APP0038586,Status Inquiry,17,Tier 1
TCK00004252,APP0038611,Upload,15,Tier 2
TCK00004253,APP0038616,Login,1,Tier 2
TCK00004254,APP0038617,Upload,12,Tier 1
TCK00004255,APP0038641,Other,11,Tier 1
TCK00004256,APP0038646,Upload,4,Tier 1
TCK00004257,APP0038659,Status Inquiry,10,Tier 1
TCK00004258,APP0038661,Status Inquiry,30,Tier 2
TCK00004259,APP0038671,Status Inquiry,1,Tier 1
TCK00004260,APP0038677,Status Inquiry,5,Tier 2
TCK00004261,APP0038688,Upload,25,Tier 1
TCK00004262,APP0038689,Upload,18,Tier 1
TCK00004263,APP0038709,Upload,20,Tier 1
TCK00004264,APP0038716,Status Inquiry,17,Tier 3
TCK00004265,APP0038728,Upload,17,Tier 1
TCK00004266,APP0038729,Login,12,Tier 2
TCK00004267,APP0038753,Upload,26,Tier 1
TCK00004268,APP0038772,Other,1,Tier 1
TCK00004269,APP0038790,Upload,19,Tier 1
TCK00004270,APP0038802,Other,1,Tier 2
TCK00004271,APP0038806,Upload,1,Tier 1
TCK00004272,APP0038817,Upload,14,Tier 1
TCK00004273,APP0038821,Login,29,Tier 2
TCK00004274,APP0038825,Login,21,Tier 1
TCK00004275,APP0038828,Upload,16,Tier 2
TCK00004276,APP0038842,Other,30,Tier 1
TCK00004277,APP0038850,Upload,16,Tier 2
TCK00004278,APP0038852,Upload,10,Tier 1
TCK00004279,APP0038889,Upload,22,Tier 2
TCK00004280,APP0038890,Login,5,Tier 1
TCK00004281,APP0038902,Status Inquiry,34,Tier 1
TCK00004282,APP0038912,Other,19,Tier 2
TCK00004283,APP0038920,Upload,15,Tier 1
TCK00004284,APP0038954,Status Inquiry,11,Tier 1
TCK00004285,APP0038962,Status Inquiry,22,Tier 1
TCK00004286,APP0038977,Upload,30,Tier 2
TCK00004287,APP0038988,Upload,10,Tier 1
TCK00004288,APP0039017,Login,16,Tier 1
TCK00004289,APP0039033,Upload,17,Tier 3
TCK00004290,APP0039035,Login,8,Tier 1
TCK00004291,APP0039037,Upload,25,Tier 2
TCK00004292,APP0039048,Status Inquiry,18,Tier 1
TCK00004293,APP0039052,Status Inquiry,11,Tier 2
TCK00004294,APP0039072,Login,22,Tier 1
TCK00004295,APP0039080,Status Inquiry,8,Tier 1
TCK00004296,APP0039100,Upload,18,Tier 1
TCK00004297,APP0039101,Other,17,Tier 1
TCK00004298,APP0039109,Login,8,Tier 1
TCK00004299,APP0039113,Status Inquiry,10,Tier 1
TCK00004300,APP0039114,Status Inquiry,17,Tier 2
TCK00004301,APP0039115,Upload,1,Tier 1
TCK00004302,APP0039120,Upload,16,Tier 2
TCK00004303,APP0039122,Login,19,Tier 2
TCK00004304,APP0039128,Upload,17,Tier 1
TCK00004305,APP0039137,Login,16,Tier 1
TCK00004306,APP0039140,Upload,5,Tier 1
TCK00004307,APP0039142,Upload,14,Tier 2
TCK00004308,APP0039150,Upload,16,Tier 1
TCK00004309,APP0039153,Login,22,Tier 3
TCK00004310,APP0039160,Login,18,Tier 1
TCK00004311,APP0039171,Login,25,Tier 1
TCK00004312,APP0039184,Login,17,Tier 1
TCK00004313,APP0039202,Upload,19,Tier 1
TCK00004314,APP0039207,Status Inquiry,22,Tier 1
TCK00004315,APP0039209,Other,17,Tier 1
TCK00004316,APP0039217,Status Inquiry,28,Tier 2
TCK00004317,APP0039224,Status Inquiry,3,Tier 2
TCK00004318,APP0039230,Status Inquiry,6,Tier 1
TCK00004319,APP0039249,Login,25,Tier 1
TCK00004320,APP0039254,Upload,4,Tier 2
TCK00004321,APP0039262,Login,11,Tier 1
TCK00004322,APP0039265,Login,12,Tier 2
TCK00004323,APP0039271,Upload,19,Tier 1
TCK00004324,APP0039321,Upload,11,Tier 1
TCK00004325,APP0039334,Login,11,Tier 1
TCK00004326,APP0039335,Login,35,Tier 1
TCK00004327,APP0039343,Upload,15,Tier 1
TCK00004328,APP0039346,Status Inquiry,18,Tier 1
TCK00004329,APP0039358,Status Inquiry,24,Tier 1
TCK00004330,APP0039359,Login,20,Tier 1
TCK00004331,APP0039378,Status Inquiry,14,Tier 1
TCK00004332,APP0039399,Other,9,Tier 1
TCK00004333,APP0039421,Login,13,Tier 1
TCK00004334,APP0039422,Status Inquiry,21,Tier 2
TCK00004335,APP0039435,Status Inquiry,21,Tier 1
TCK00004336,APP0039438,Other,24,Tier 1
TCK00004337,APP0039441,Login,24,Tier 1
TCK00004338,APP0039453,Status Inquiry,36,Tier 1
TCK00004339,APP0039459,Upload,30,Tier 1
TCK00004340,APP0039472,Login,19,Tier 1
TCK00004341,APP0039482,Status Inquiry,20,Tier 1
TCK00004342,APP0039492,Upload,20,Tier 1
TCK00004343,APP0039497,Status Inquiry,18,Tier 1
TCK00004344,APP0039511,Status Inquiry,19,Tier 1
TCK00004345,APP0039521,Status Inquiry,20,Tier 2
TCK00004346,APP0039524,Other,13,Tier 1
TCK00004347,APP0039531,Status Inquiry,10,Tier 1
TCK00004348,APP0039536,Status Inquiry,13,Tier 1
TCK00004349,APP0039540,Status Inquiry,23,Tier 1
TCK00004350,APP0039545,Status Inquiry,27,Tier 1
TCK00004351,APP0039547,Login,20,Tier 2
TCK00004352,APP0039580,Login,17,Tier 2
TCK00004353,APP0039603,Login,23,Tier 1
TCK00004354,APP0039605,Status Inquiry,17,Tier 1
TCK00004355,APP0039611,Upload,20,Tier 1
TCK00004356,APP0039614,Status Inquiry,26,Tier 2
TCK00004357,APP0039622,Upload,4,Tier 1
TCK00004358,APP0039623,Login,10,Tier 1
TCK00004359,APP0039628,Other,36,Tier 1
TCK00004360,APP0039630,Status Inquiry,17,Tier 2
TCK00004361,APP0039638,Status Inquiry,13,Tier 1
TCK00004362,APP0039644,Status Inquiry,10,Tier 2
TCK00004363,APP0039655,Upload,15,Tier 2
TCK00004364,APP0039671,Upload,9,Tier 1
TCK00004365,APP0039685,Upload,14,Tier 1
TCK00004366,APP0039690,Upload,15,Tier 1
TCK00004367,APP0039691,Status Inquiry,27,Tier 2
TCK00004368,APP0039697,Login,14,Tier 1
TCK00004369,APP0039698,Status Inquiry,23,Tier 1
TCK00004370,APP0039701,Status Inquiry,11,Tier 1
TCK00004371,APP0039706,Upload,41,Tier 2
TCK00004372,APP0039712,Login,8,Tier 1
TCK00004373,APP0039717,Login,16,Tier 1
TCK00004374,APP0039729,Status Inquiry,18,Tier 1
TCK00004375,APP0039732,Upload,16,Tier 1
TCK00004376,APP0039738,Status Inquiry,24,Tier 2
TCK00004377,APP0039740,Upload,23,Tier 1
TCK00004378,APP0039760,Status Inquiry,19,Tier 1
TCK00004379,APP0039763,Upload,32,Tier 1
TCK00004380,APP0039784,Upload,13,Tier 1
TCK00004381,APP0039790,Status Inquiry,17,Tier 1
TCK00004382,APP0039794,Status Inquiry,16,Tier 1
TCK00004383,APP0039820,Status Inquiry,18,Tier 1
TCK00004384,APP0039829,Other,21,Tier 2
TCK00004385,APP0039832,Status Inquiry,17,Tier 1
TCK00004386,APP0039851,Login,14,Tier 1
TCK00004387,APP0039852,Upload,13,Tier 1
TCK00004388,APP0039889,Status Inquiry,15,Tier 1
TCK00004389,APP0039899,Login,11,Tier 1
TCK00004390,APP0039930,Status Inquiry,12,Tier 2
TCK00004391,APP0039956,Upload,8,Tier 2
TCK00004392,APP0039966,Status Inquiry,1,Tier 1
TCK00004393,APP0039973,Login,22,Tier 1
TCK00004394,APP0039978,Login,10,Tier 3
TCK00004395,APP0039983,Other,25,Tier 1
TCK00004396,APP0040005,Upload,10,Tier 1
TCK00004397,APP0040006,Upload,20,Tier 1
TCK00004398,APP0040015,Upload,8,Tier 2
TCK00004399,APP0040016,Upload,27,Tier 1
TCK00004400,APP0040023,Upload,11,Tier 1
TCK00004401,APP0040051,Upload,5,Tier 1
TCK00004402,APP0040059,Upload,14,Tier 1
TCK00004403,APP0040063,Upload,9,Tier 2
TCK00004404,APP0040068,Upload,40,Tier 1
TCK00004405,APP0040085,Upload,8,Tier 2
TCK00004406,APP0040088,Login,23,Tier 2
TCK00004407,APP0040105,Upload,1,Tier 1
TCK00004408,APP0040116,Status Inquiry,23,Tier 1
TCK00004409,APP0040132,Status Inquiry,7,Tier 1
TCK00004410,APP0040133,Login,14,Tier 1
TCK00004411,APP0040150,Login,9,Tier 2
TCK00004412,APP0040157,Login,22,Tier 2
TCK00004413,APP0040173,Login,11,Tier 1
TCK00004414,APP0040179,Login,18,Tier 1
TCK00004415,APP0040182,Login,21,Tier 1
TCK00004416,APP0040188,Other,22,Tier 1
TCK00004417,APP0040200,Login,16,Tier 1
TCK00004418,APP0040219,Status Inquiry,28,Tier 3
TCK00004419,APP0040232,Upload,28,Tier 1
TCK00004420,APP0040236,Login,12,Tier 2
TCK00004421,APP0040258,Upload,21,Tier 3
TCK00004422,APP0040260,Upload,25,Tier 1
TCK00004423,APP0040266,Upload,35,Tier 3
TCK00004424,APP0040293,Upload,12,Tier 1
TCK00004425,APP0040297,Login,24,Tier 1
TCK00004426,APP0040303,Other,19,Tier 1
TCK00004427,APP0040333,Upload,11,Tier 1
TCK00004428,APP0040353,Status Inquiry,18,Tier 1
TCK00004429,APP0040370,Upload,6,Tier 2
TCK00004430,APP0040393,Status Inquiry,15,Tier 2
TCK00004431,APP0040394,Status Inquiry,35,Tier 1
TCK00004432,APP0040413,Login,24,Tier 1
TCK00004433,APP0040434,Status Inquiry,28,Tier 1
TCK00004434,APP0040437,Other,22,Tier 2
TCK00004435,APP0040446,Status Inquiry,15,Tier 1
TCK00004436,APP0040450,Login,9,Tier 2
TCK00004437,APP0040452,Upload,2,Tier 2
TCK00004438,APP0040455,Status Inquiry,7,Tier 1
TCK00004439,APP0040465,Login,34,Tier 1
TCK00004440,APP0040466,Other,13,Tier 1
TCK00004441,APP0040494,Login,19,Tier 2
TCK00004442,APP0040517,Login,26,Tier 1
TCK00004443,APP0040520,Login,8,Tier 1
TCK00004444,APP0040521,Login,21,Tier 1
TCK00004445,APP0040541,Login,8,Tier 1
TCK00004446,APP0040549,Upload,16,Tier 1
TCK00004447,APP0040569,Other,7,Tier 3
TCK00004448,APP0040579,Login,32,Tier 2
TCK00004449,APP0040583,Upload,20,Tier 1
TCK00004450,APP0040589,Status Inquiry,29,Tier 1
TCK00004451,APP0040592,Other,10,Tier 1
TCK00004452,APP0040593,Status Inquiry,20,Tier 1
TCK00004453,APP0040612,Login,10,Tier 1
TCK00004454,APP0040617,Upload,39,Tier 1
TCK00004455,APP0040622,Status Inquiry,14,Tier 1
TCK00004456,APP0040624,Login,20,Tier 3
TCK00004457,APP0040630,Upload,24,Tier 2
TCK00004458,APP0040633,Login,14,Tier 3
TCK00004459,APP0040641,Upload,23,Tier 1
TCK00004460,APP0040644,Upload,16,Tier 1
TCK00004461,APP0040647,Upload,19,Tier 1
TCK00004462,APP0040660,Status Inquiry,11,Tier 1
TCK00004463,APP0040667,Other,24,Tier 1
TCK00004464,APP0040673,Other,29,Tier 2
TCK00004465,APP0040677,Upload,5,Tier 2
TCK00004466,APP0040679,Other,18,Tier 2
TCK00004467,APP0040681,Upload,15,Tier 2
TCK00004468,APP0040688,Upload,19,Tier 1
TCK00004469,APP0040705,Status Inquiry,24,Tier 1
TCK00004470,APP0040724,Status Inquiry,16,Tier 3
TCK00004471,APP0040726,Login,17,Tier 1
TCK00004472,APP0040737,Status Inquiry,18,Tier 1
TCK00004473,APP0040738,Status Inquiry,17,Tier 2
TCK00004474,APP0040767,Upload,22,Tier 2
TCK00004475,APP0040770,Status Inquiry,8,Tier 2
TCK00004476,APP0040774,Status Inquiry,17,Tier 1
TCK00004477,APP0040787,Status Inquiry,20,Tier 1
TCK00004478,APP0040789,Login,27,Tier 1
TCK00004479,APP0040797,Upload,32,Tier 1
TCK00004480,APP0040807,Upload,19,Tier 1
TCK00004481,APP0040833,Login,18,Tier 2
TCK00004482,APP0040844,Upload,8,Tier 1
TCK00004483,APP0040876,Login,10,Tier 2
TCK00004484,APP0040891,Login,20,Tier 1
TCK00004485,APP0040911,Status Inquiry,16,Tier 2
TCK00004486,APP0040964,Login,22,Tier 1
TCK00004487,APP0040993,Status Inquiry,1,Tier 1
TCK00004488,APP0040994,Status Inquiry,13,Tier 2
TCK00004489,APP0041000,Login,19,Tier 1
TCK00004490,APP0041015,Upload,15,Tier 1
TCK00004491,APP0041026,Upload,14,Tier 2
TCK00004492,APP0041031,Status Inquiry,10,Tier 1
TCK00004493,APP0041037,Upload,14,Tier 2
TCK00004494,APP0041043,Login,13,Tier 2
TCK00004495,APP0041049,Upload,12,Tier 1
TCK00004496,APP0041052,Status Inquiry,18,Tier 1
TCK00004497,APP0041054,Status Inquiry,23,Tier 1
TCK00004498,APP0041058,Upload,17,Tier 1
TCK00004499,APP0041065,Other,9,Tier 3
TCK00004500,APP0041094,Upload,29,Tier 3
TCK00004501,APP0041098,Other,11,Tier 1
TCK00004502,APP0041100,Upload,18,Tier 1
TCK00004503,APP0041104,Status Inquiry,20,Tier 1
TCK00004504,APP0041105,Upload,17,Tier 2
TCK00004505,APP0041128,Upload,6,Tier 1
TCK00004506,APP0041136,Upload,12,Tier 1
TCK00004507,APP0041162,Login,5,Tier 3
TCK00004508,APP0041164,Upload,29,Tier 1
TCK00004509,APP0041167,Login,10,Tier 1
TCK00004510,APP0041173,Status Inquiry,31,Tier 1
TCK00004511,APP0041197,Upload,23,Tier 2
TCK00004512,APP0041213,Status Inquiry,23,Tier 1
TCK00004513,APP0041219,Upload,17,Tier 1
TCK00004514,APP0041245,Upload,9,Tier 1
TCK00004515,APP0041249,Status Inquiry,14,Tier 1
TCK00004516,APP0041252,Status Inquiry,16,Tier 1
TCK00004517,APP0041262,Login,35,Tier 1
TCK00004518,APP0041265,Upload,20,Tier 1
TCK00004519,APP0041268,Status Inquiry,9,Tier 1
TCK00004520,APP0041293,Upload,16,Tier 1
TCK00004521,APP0041297,Upload,30,Tier 1
TCK00004522,APP0041313,Status Inquiry,21,Tier 2
TCK00004523,APP0041325,Login,21,Tier 1
TCK00004524,APP0041327,Login,15,Tier 2
TCK00004525,APP0041329,Upload,7,Tier 1
TCK00004526,APP0041333,Upload,31,Tier 2
TCK00004527,APP0041342,Login,28,Tier 1
TCK00004528,APP0041361,Upload,6,Tier 2
TCK00004529,APP0041370,Login,17,Tier 1
TCK00004530,APP0041408,Status Inquiry,15,Tier 1
TCK00004531,APP0041413,Login,29,Tier 1
TCK00004532,APP0041425,Upload,17,Tier 1
TCK00004533,APP0041434,Upload,8,Tier 2
TCK00004534,APP0041441,Status Inquiry,32,Tier 1
TCK00004535,APP0041466,Other,19,Tier 1
TCK00004536,APP0041481,Upload,21,Tier 2
TCK00004537,APP0041486,Login,21,Tier 1
TCK00004538,APP0041493,Status Inquiry,21,Tier 1
TCK00004539,APP0041497,Status Inquiry,7,Tier 1
TCK00004540,APP0041529,Login,1,Tier 1
TCK00004541,APP0041531,Login,20,Tier 1
TCK00004542,APP0041541,Status Inquiry,24,Tier 1
TCK00004543,APP0041543,Status Inquiry,19,Tier 2
TCK00004544,APP0041549,Login,31,Tier 1
TCK00004545,APP0041555,Login,15,Tier 2
TCK00004546,APP0041560,Status Inquiry,5,Tier 2
TCK00004547,APP0041566,Upload,28,Tier 2
TCK00004548,APP0041569,Upload,25,Tier 1
TCK00004549,APP0041584,Status Inquiry,18,Tier 1
TCK00004550,APP0041612,Other,1,Tier 1
TCK00004551,APP0041618,Other,31,Tier 1
TCK00004552,APP0041621,Upload,13,Tier 1
TCK00004553,APP0041626,Status Inquiry,25,Tier 2
TCK00004554,APP0041627,Login,13,Tier 1
TCK00004555,APP0041646,Upload,33,Tier 1
TCK00004556,APP0041661,Login,21,Tier 1
TCK00004557,APP0041671,Login,10,Tier 1
TCK00004558,APP0041673,Upload,2,Tier 1
TCK00004559,APP0041698,Upload,25,Tier 1
TCK00004560,APP0041703,Upload,6,Tier 2
TCK00004561,APP0041711,Upload,19,Tier 1
TCK00004562,APP0041715,Upload,25,Tier 1
TCK00004563,APP0041727,Upload,8,Tier 2
TCK00004564,APP0041750,Upload,25,Tier 2
TCK00004565,APP0041751,Other,20,Tier 1
TCK00004566,APP0041755,Status Inquiry,13,Tier 1
TCK00004567,APP0041757,Upload,17,Tier 1
TCK00004568,APP0041762,Upload,22,Tier 1
TCK00004569,APP0041764,Upload,15,Tier 1
TCK00004570,APP0041799,Other,24,Tier 1
TCK00004571,APP0041800,Login,16,Tier 1
TCK00004572,APP0041806,Upload,18,Tier 1
TCK00004573,APP0041812,Login,23,Tier 1
TCK00004574,APP0041814,Login,26,Tier 2
TCK00004575,APP0041819,Status Inquiry,20,Tier 2
TCK00004576,APP0041840,Login,22,Tier 1
TCK00004577,APP0041848,Status Inquiry,37,Tier 1
TCK00004578,APP0041862,Upload,22,Tier 1
TCK00004579,APP0041872,Upload,3,Tier 2
TCK00004580,APP0041898,Status Inquiry,30,Tier 2
TCK00004581,APP0041919,Upload,18,Tier 1
TCK00004582,APP0041928,Status Inquiry,26,Tier 1
TCK00004583,APP0041930,Status Inquiry,18,Tier 1
TCK00004584,APP0041933,Upload,20,Tier 1
TCK00004585,APP0041945,Status Inquiry,28,Tier 1
TCK00004586,APP0041953,Status Inquiry,21,Tier 1
TCK00004587,APP0041970,Status Inquiry,12,Tier 1
TCK00004588,APP0041973,Upload,28,Tier 1
TCK00004589,APP0041983,Login,11,Tier 1
TCK00004590,APP0041996,Upload,25,Tier 2
TCK00004591,APP0041998,Upload,23,Tier 2
TCK00004592,APP0042007,Status Inquiry,17,Tier 2
TCK00004593,APP0042008,Upload,18,Tier 3
TCK00004594,APP0042011,Login,6,Tier 2
TCK00004595,APP0042016,Status Inquiry,13,Tier 1
TCK00004596,APP0042018,Login,43,Tier 1
TCK00004597,APP0042022,Login,1,Tier 3
TCK00004598,APP0042023,Upload,26,Tier 1
TCK00004599,APP0042035,Status Inquiry,10,Tier 3
TCK00004600,APP0042040,Upload,14,Tier 1
TCK00004601,APP0042041,Upload,1,Tier 2
TCK00004602,APP0042044,Upload,8,Tier 1
TCK00004603,APP0042046,Other,16,Tier 1
TCK00004604,APP0042050,Login,22,Tier 2
TCK00004605,APP0042062,Status Inquiry,27,Tier 1
TCK00004606,APP0042084,Login,29,Tier 1
TCK00004607,APP0042093,Login,17,Tier 1
TCK00004608,APP0042109,Login,11,Tier 1
TCK00004609,APP0042110,Other,27,Tier 1
TCK00004610,APP0042116,Login,19,Tier 1
TCK00004611,APP0042132,Status Inquiry,7,Tier 1
TCK00004612,APP0042137,Login,33,Tier 1
TCK00004613,APP0042140,Status Inquiry,26,Tier 1
TCK00004614,APP0042144,Other,28,Tier 2
TCK00004615,APP0042167,Status Inquiry,18,Tier 1
TCK00004616,APP0042178,Upload,12,Tier 1
TCK00004617,APP0042187,Status Inquiry,24,Tier 1
TCK00004618,APP0042202,Login,15,Tier 1
TCK00004619,APP0042215,Upload,31,Tier 2
TCK00004620,APP0042216,Status Inquiry,15,Tier 1
TCK00004621,APP0042240,Other,15,Tier 1
TCK00004622,APP0042242,Login,28,Tier 2
TCK00004623,APP0042258,Status Inquiry,29,Tier 1
TCK00004624,APP0042268,Status Inquiry,21,Tier 3
TCK00004625,APP0042270,Status Inquiry,27,Tier 3
TCK00004626,APP0042272,Status Inquiry,21,Tier 1
TCK00004627,APP0042276,Upload,12,Tier 1
TCK00004628,APP0042281,Upload,27,Tier 2
TCK00004629,APP0042282,Upload,8,Tier 1
TCK00004630,APP0042291,Status Inquiry,18,Tier 1
TCK00004631,APP0042296,Upload,15,Tier 1
TCK00004632,APP0042304,Upload,13,Tier 1
TCK00004633,APP0042306,Upload,11,Tier 1
TCK00004634,APP0042316,Other,17,Tier 1
TCK00004635,APP0042318,Login,14,Tier 1
TCK00004636,APP0042321,Login,16,Tier 1
TCK00004637,APP0042325,Status Inquiry,14,Tier 1
TCK00004638,APP0042342,Upload,11,Tier 1
TCK00004639,APP0042357,Upload,14,Tier 1
TCK00004640,APP0042361,Status Inquiry,22,Tier 1
TCK00004641,APP0042369,Other,17,Tier 3
TCK00004642,APP0042375,Other,9,Tier 2
TCK00004643,APP0042385,Other,14,Tier 1
TCK00004644,APP0042397,Status Inquiry,8,Tier 1
TCK00004645,APP0042411,Upload,14,Tier 2
TCK00004646,APP0042436,Status Inquiry,19,Tier 1
TCK00004647,APP0042449,Other,14,Tier 1
TCK00004648,APP0042461,Upload,17,Tier 1
TCK00004649,APP0042472,Upload,26,Tier 1
TCK00004650,APP0042477,Login,14,Tier 1
TCK00004651,APP0042481,Upload,20,Tier 1
TCK00004652,APP0042485,Upload,11,Tier 1
TCK00004653,APP0042503,Login,29,Tier 1
TCK00004654,APP0042517,Upload,16,Tier 2
TCK00004655,APP0042520,Other,18,Tier 1
TCK00004656,APP0042522,Other,11,Tier 2
TCK00004657,APP0042524,Upload,23,Tier 1
TCK00004658,APP0042563,Upload,24,Tier 1
TCK00004659,APP0042574,Status Inquiry,29,Tier 2
TCK00004660,APP0042595,Status Inquiry,14,Tier 1
TCK00004661,APP0042598,Status Inquiry,22,Tier 1
TCK00004662,APP0042610,Other,3,Tier 1
TCK00004663,APP0042622,Other,6,Tier 2
TCK00004664,APP0042624,Status Inquiry,27,Tier 1
TCK00004665,APP0042635,Upload,27,Tier 1
TCK00004666,APP0042637,Login,18,Tier 2
TCK00004667,APP0042638,Other,19,Tier 1
TCK00004668,APP0042642,Other,37,Tier 2
TCK00004669,APP0042653,Upload,23,Tier 1
TCK00004670,APP0042657,Upload,27,Tier 1
TCK00004671,APP0042672,Status Inquiry,23,Tier 1
TCK00004672,APP0042673,Status Inquiry,18,Tier 1
TCK00004673,APP0042676,Upload,8,Tier 2
TCK00004674,APP0042677,Status Inquiry,21,Tier 1
TCK00004675,APP0042679,Status Inquiry,18,Tier 2
TCK00004676,APP0042688,Status Inquiry,18,Tier 1
TCK00004677,APP0042690,Status Inquiry,22,Tier 1
TCK00004678,APP0042692,Status Inquiry,18,Tier 1
TCK00004679,APP0042697,Upload,30,Tier 1
TCK00004680,APP0042698,Upload,8,Tier 2
TCK00004681,APP0042703,Login,22,Tier 1
TCK00004682,APP0042719,Login,10,Tier 1
TCK00004683,APP0042721,Status Inquiry,16,Tier 1
TCK00004684,APP0042722,Upload,8,Tier 1
TCK00004685,APP0042725,Other,17,Tier 1
TCK00004686,APP0042729,Login,26,Tier 1
TCK00004687,APP0042745,Upload,22,Tier 2
TCK00004688,APP0042749,Status Inquiry,17,Tier 1
TCK00004689,APP0042787,Login,31,Tier 1
TCK00004690,APP0042795,Status Inquiry,10,Tier 1
TCK00004691,APP0042805,Upload,31,Tier 1
TCK00004692,APP0042808,Upload,16,Tier 1
TCK00004693,APP0042814,Login,28,Tier 1
TCK00004694,APP0042818,Upload,18,Tier 1
TCK00004695,APP0042819,Login,15,Tier 1
TCK00004696,APP0042822,Upload,31,Tier 2
TCK00004697,APP0042825,Status Inquiry,12,Tier 2
TCK00004698,APP0042837,Status Inquiry,21,Tier 2
TCK00004699,APP0042841,Upload,24,Tier 2
TCK00004700,APP0042868,Login,27,Tier 1
TCK00004701,APP0042871,Login,10,Tier 1
TCK00004702,APP0042882,Login,26,Tier 1
TCK00004703,APP0042900,Other,8,Tier 3
TCK00004704,APP0042905,Status Inquiry,20,Tier 1
TCK00004705,APP0042907,Upload,23,Tier 1
TCK00004706,APP0042910,Upload,23,Tier 1
TCK00004707,APP0042912,Other,19,Tier 1
TCK00004708,APP0042942,Upload,18,Tier 1
TCK00004709,APP0042952,Other,21,Tier 3
TCK00004710,APP0042960,Upload,13,Tier 1
TCK00004711,APP0042972,Status Inquiry,28,Tier 1
TCK00004712,APP0042973,Login,27,Tier 1
TCK00004713,APP0042975,Upload,17,Tier 1
TCK00004714,APP0042978,Status Inquiry,25,Tier 1
TCK00004715,APP0042989,Login,16,Tier 1
TCK00004716,APP0043028,Upload,22,Tier 1
TCK00004717,APP0043030,Upload,14,Tier 2
TCK00004718,APP0043038,Other,22,Tier 1
TCK00004719,APP0043062,Other,23,Tier 1
TCK00004720,APP0043070,Upload,16,Tier 3
TCK00004721,APP0043095,Login,5,Tier 1
TCK00004722,APP0043114,Login,30,Tier 1
TCK00004723,APP0043125,Upload,25,Tier 1
TCK00004724,APP0043127,Status Inquiry,24,Tier 2
TCK00004725,APP0043138,Upload,26,Tier 3
TCK00004726,APP0043152,Status Inquiry,19,Tier 1
TCK00004727,APP0043153,Upload,24,Tier 1
TCK00004728,APP0043154,Status Inquiry,22,Tier 2
TCK00004729,APP0043157,Upload,8,Tier 2
TCK00004730,APP0043180,Upload,10,Tier 3
TCK00004731,APP0043181,Status Inquiry,5,Tier 1
TCK00004732,APP0043196,Upload,10,Tier 1
TCK00004733,APP0043213,Upload,12,Tier 1
TCK00004734,APP0043214,Upload,11,Tier 1
TCK00004735,APP0043215,Upload,1,Tier 1
TCK00004736,APP0043216,Status Inquiry,16,Tier 1
TCK00004737,APP0043222,Upload,9,Tier 1
TCK00004738,APP0043237,Upload,6,Tier 2
TCK00004739,APP0043242,Upload,19,Tier 1
TCK00004740,APP0043245,Upload,26,Tier 2
TCK00004741,APP0043248,Other,27,Tier 1
TCK00004742,APP0043264,Status Inquiry,23,Tier 1
TCK00004743,APP0043275,Upload,25,Tier 2
TCK00004744,APP0043280,Status Inquiry,37,Tier 1
TCK00004745,APP0043281,Status Inquiry,10,Tier 1
TCK00004746,APP0043301,Other,26,Tier 1
TCK00004747,APP0043315,Status Inquiry,13,Tier 1
TCK00004748,APP0043320,Upload,22,Tier 1
TCK00004749,APP0043321,Upload,17,Tier 1
TCK00004750,APP0043333,Login,20,Tier 2
TCK00004751,APP0043335,Upload,17,Tier 1
TCK00004752,APP0043344,Status Inquiry,14,Tier 1
TCK00004753,APP0043377,Other,11,Tier 1
TCK00004754,APP0043378,Upload,27,Tier 1
TCK00004755,APP0043391,Login,25,Tier 1
TCK00004756,APP0043409,Other,24,Tier 2
TCK00004757,APP0043438,Upload,17,Tier 2
TCK00004758,APP0043439,Upload,6,Tier 1
TCK00004759,APP0043444,Upload,17,Tier 1
TCK00004760,APP0043446,Status Inquiry,26,Tier 1
TCK00004761,APP0043449,Upload,6,Tier 2
TCK00004762,APP0043457,Login,27,Tier 1
TCK00004763,APP0043461,Login,23,Tier 1
TCK00004764,APP0043463,Upload,18,Tier 2
TCK00004765,APP0043477,Upload,10,Tier 1
TCK00004766,APP0043480,Login,28,Tier 1
TCK00004767,APP0043502,Login,6,Tier 2
TCK00004768,APP0043512,Upload,15,Tier 1
TCK00004769,APP0043519,Login,12,Tier 1
TCK00004770,APP0043528,Login,18,Tier 1
TCK00004771,APP0043536,Status Inquiry,20,Tier 1
TCK00004772,APP0043538,Upload,19,Tier 1
TCK00004773,APP0043543,Upload,11,Tier 2
TCK00004774,APP0043550,Login,12,Tier 1
TCK00004775,APP0043553,Status Inquiry,19,Tier 3
TCK00004776,APP0043561,Upload,21,Tier 1
TCK00004777,APP0043579,Upload,35,Tier 3
TCK00004778,APP0043582,Status Inquiry,31,Tier 2
TCK00004779,APP0043590,Upload,18,Tier 2
TCK00004780,APP0043601,Upload,20,Tier 2
TCK00004781,APP0043609,Login,26,Tier 2
TCK00004782,APP0043618,Upload,24,Tier 2
TCK00004783,APP0043634,Login,18,Tier 3
TCK00004784,APP0043646,Status Inquiry,26,Tier 2
TCK00004785,APP0043651,Upload,20,Tier 1
TCK00004786,APP0043664,Login,10,Tier 1
TCK00004787,APP0043669,Upload,1,Tier 2
TCK00004788,APP0043673,Upload,3,Tier 2
TCK00004789,APP0043682,Upload,10,Tier 1
TCK00004790,APP0043685,Login,13,Tier 1
TCK00004791,APP0043686,Login,15,Tier 2
TCK00004792,APP0043696,Other,26,Tier 2
TCK00004793,APP0043701,Upload,7,Tier 1
TCK00004794,APP0043709,Upload,5,Tier 1
TCK00004795,APP0043711,Upload,19,Tier 1
TCK00004796,APP0043712,Other,16,Tier 1
TCK00004797,APP0043717,Upload,13,Tier 1
TCK00004798,APP0043724,Status Inquiry,13,Tier 1
TCK00004799,APP0043732,Status Inquiry,1,Tier 1
TCK00004800,APP0043733,Status Inquiry,9,Tier 1
TCK00004801,APP0043747,Login,22,Tier 1
TCK00004802,APP0043769,Status Inquiry,22,Tier 2
TCK00004803,APP0043786,Login,31,Tier 1
TCK00004804,APP0043792,Other,26,Tier 1
TCK00004805,APP0043799,Status Inquiry,16,Tier 2
TCK00004806,APP0043801,Status Inquiry,7,Tier 2
TCK00004807,APP0043814,Upload,15,Tier 1
TCK00004808,APP0043815,Status Inquiry,24,Tier 1
TCK00004809,APP0043837,Login,28,Tier 3
TCK00004810,APP0043868,Login,42,Tier 1
TCK00004811,APP0043871,Status Inquiry,37,Tier 1
TCK00004812,APP0043906,Login,27,Tier 1
TCK00004813,APP0043948,Login,18,Tier 1
TCK00004814,APP0043949,Upload,14,Tier 2
TCK00004815,APP0043952,Login,15,Tier 1
TCK00004816,APP0043953,Upload,2,Tier 1
TCK00004817,APP0043954,Login,21,Tier 1
TCK00004818,APP0043973,Status Inquiry,15,Tier 1
TCK00004819,APP0043978,Other,11,Tier 1
TCK00004820,APP0044004,Status Inquiry,17,Tier 1
TCK00004821,APP0044009,Other,16,Tier 3
TCK00004822,APP0044046,Login,9,Tier 2
TCK00004823,APP0044061,Upload,22,Tier 1
TCK00004824,APP0044081,Status Inquiry,21,Tier 1
TCK00004825,APP0044086,Upload,19,Tier 1
TCK00004826,APP0044100,Upload,30,Tier 1
TCK00004827,APP0044128,Status Inquiry,28,Tier 1
TCK00004828,APP0044129,Login,19,Tier 1
TCK00004829,APP0044134,Status Inquiry,10,Tier 1
TCK00004830,APP0044140,Status Inquiry,7,Tier 1
TCK00004831,APP0044142,Status Inquiry,21,Tier 1
TCK00004832,APP0044148,Other,17,Tier 1
TCK00004833,APP0044152,Login,29,Tier 1
TCK00004834,APP0044158,Upload,15,Tier 1
TCK00004835,APP0044161,Status Inquiry,23,Tier 3
TCK00004836,APP0044164,Status Inquiry,15,Tier 1
TCK00004837,APP0044166,Status Inquiry,16,Tier 1
TCK00004838,APP0044177,Login,30,Tier 2
TCK00004839,APP0044187,Status Inquiry,16,Tier 1
TCK00004840,APP0044190,Status Inquiry,15,Tier 1
TCK00004841,APP0044197,Status Inquiry,20,Tier 2
TCK00004842,APP0044202,Login,38,Tier 1
TCK00004843,APP0044212,Upload,9,Tier 1
TCK00004844,APP0044214,Login,23,Tier 1
TCK00004845,APP0044217,Status Inquiry,5,Tier 1
TCK00004846,APP0044218,Upload,16,Tier 1
TCK00004847,APP0044219,Other,21,Tier 1
TCK00004848,APP0044222,Upload,22,Tier 1
TCK00004849,APP0044240,Upload,29,Tier 1
TCK00004850,APP0044248,Status Inquiry,8,Tier 1
TCK00004851,APP0044261,Other,9,Tier 1
TCK00004852,APP0044264,Status Inquiry,17,Tier 1
TCK00004853,APP0044276,Other,19,Tier 1
TCK00004854,APP0044307,Login,16,Tier 2
TCK00004855,APP0044337,Login,15,Tier 2
TCK00004856,APP0044341,Upload,12,Tier 1
TCK00004857,APP0044352,Status Inquiry,20,Tier 3
TCK00004858,APP0044404,Upload,14,Tier 1
TCK00004859,APP0044416,Upload,14,Tier 1
TCK00004860,APP0044418,Upload,27,Tier 1
TCK00004861,APP0044429,Upload,27,Tier 1
TCK00004862,APP0044451,Upload,22,Tier 1
TCK00004863,APP0044481,Upload,22,Tier 2
TCK00004864,APP0044502,Other,24,Tier 1
TCK00004865,APP0044506,Status Inquiry,35,Tier 1
TCK00004866,APP0044537,Upload,20,Tier 1
TCK00004867,APP0044557,Login,16,Tier 2
TCK00004868,APP0044567,Login,17,Tier 1
TCK00004869,APP0044572,Upload,21,Tier 1
TCK00004870,APP0044577,Upload,11,Tier 1
TCK00004871,APP0044580,Upload,17,Tier 1
TCK00004872,APP0044581,Other,9,Tier 2
TCK00004873,APP0044584,Upload,15,Tier 2
TCK00004874,APP0044597,Upload,20,Tier 2
TCK00004875,APP0044600,Login,18,Tier 1
TCK00004876,APP0044602,Status Inquiry,7,Tier 2
TCK00004877,APP0044605,Status Inquiry,8,Tier 2
TCK00004878,APP0044608,Login,12,Tier 1
TCK00004879,APP0044615,Status Inquiry,18,Tier 1
TCK00004880,APP0044618,Login,7,Tier 1
TCK00004881,APP0044621,Upload,1,Tier 1
TCK00004882,APP0044629,Upload,15,Tier 1
TCK00004883,APP0044630,Upload,23,Tier 2
TCK00004884,APP0044647,Login,27,Tier 1
TCK00004885,APP0044653,Login,22,Tier 1
TCK00004886,APP0044684,Upload,21,Tier 1
TCK00004887,APP0044686,Upload,19,Tier 1
TCK00004888,APP0044689,Upload,26,Tier 1
TCK00004889,APP0044711,Other,16,Tier 1
TCK00004890,APP0044712,Status Inquiry,14,Tier 1
TCK00004891,APP0044725,Upload,9,Tier 1
TCK00004892,APP0044729,Upload,11,Tier 1
TCK00004893,APP0044750,Upload,12,Tier 1
TCK00004894,APP0044752,Login,7,Tier 1
TCK00004895,APP0044783,Login,19,Tier 1
TCK00004896,APP0044795,Upload,22,Tier 1
TCK00004897,APP0044805,Status Inquiry,11,Tier 1
TCK00004898,APP0044811,Other,22,Tier 3
TCK00004899,APP0044829,Other,15,Tier 2
TCK00004900,APP0044830,Login,31,Tier 1
TCK00004901,APP0044831,Status Inquiry,13,Tier 1
TCK00004902,APP0044857,Upload,18,Tier 1
TCK00004903,APP0044862,Status Inquiry,20,Tier 2
TCK00004904,APP0044863,Login,23,Tier 1
TCK00004905,APP0044866,Upload,28,Tier 1
TCK00004906,APP0044867,Login,19,Tier 1
TCK00004907,APP0044897,Upload,37,Tier 1
TCK00004908,APP0044910,Status Inquiry,15,Tier 3
TCK00004909,APP0044913,Status Inquiry,16,Tier 2
TCK00004910,APP0044924,Upload,34,Tier 1
TCK00004911,APP0044943,Upload,17,Tier 1
TCK00004912,APP0044958,Login,16,Tier 1
TCK00004913,APP0044963,Other,22,Tier 1
TCK00004914,APP0044981,Other,10,Tier 1
TCK00004915,APP0044985,Status Inquiry,27,Tier 1
TCK00004916,APP0044986,Upload,11,Tier 1
TCK00004917,APP0044996,Login,6,Tier 1
TCK00004918,APP0045001,Upload,10,Tier 2
TCK00004919,APP0045009,Status Inquiry,20,Tier 2
TCK00004920,APP0045011,Login,25,Tier 1
TCK00004921,APP0045015,Login,23,Tier 1
TCK00004922,APP0045022,Upload,26,Tier 1
TCK00004923,APP0045030,Status Inquiry,16,Tier 1
TCK00004924,APP0045037,Status Inquiry,13,Tier 1
TCK00004925,APP0045074,Status Inquiry,25,Tier 1
TCK00004926,APP0045084,Upload,5,Tier 2
TCK00004927,APP0045085,Status Inquiry,19,Tier 2
TCK00004928,APP0045093,Status Inquiry,15,Tier 1
TCK00004929,APP0045111,Upload,19,Tier 2
TCK00004930,APP0045116,Upload,1,Tier 1
TCK00004931,APP0045118,Status Inquiry,9,Tier 1
TCK00004932,APP0045133,Upload,17,Tier 1
TCK00004933,APP0045136,Status Inquiry,18,Tier 2
TCK00004934,APP0045139,Login,1,Tier 1
TCK00004935,APP0045154,Status Inquiry,22,Tier 2
TCK00004936,APP0045158,Upload,21,Tier 1
TCK00004937,APP0045167,Upload,17,Tier 1
TCK00004938,APP0045173,Status Inquiry,12,Tier 1
TCK00004939,APP0045174,Login,13,Tier 2
TCK00004940,APP0045178,Status Inquiry,34,Tier 3
TCK00004941,APP0045182,Other,17,Tier 2
TCK00004942,APP0045196,Status Inquiry,18,Tier 1
TCK00004943,APP0045198,Status Inquiry,30,Tier 1
TCK00004944,APP0045201,Upload,22,Tier 1
TCK00004945,APP0045218,Status Inquiry,18,Tier 1
TCK00004946,APP0045235,Other,4,Tier 3
TCK00004947,APP0045242,Upload,23,Tier 2
TCK00004948,APP0045259,Upload,7,Tier 1
TCK00004949,APP0045275,Other,11,Tier 1
TCK00004950,APP0045282,Upload,23,Tier 2
TCK00004951,APP0045299,Status Inquiry,16,Tier 1
TCK00004952,APP0045308,Login,12,Tier 1
TCK00004953,APP0045309,Status Inquiry,21,Tier 1
TCK00004954,APP0045325,Upload,29,Tier 3
TCK00004955,APP0045330,Login,23,Tier 1
TCK00004956,APP0045342,Upload,19,Tier 2
TCK00004957,APP0045362,Upload,15,Tier 1
TCK00004958,APP0045366,Login,23,Tier 2
TCK00004959,APP0045374,Status Inquiry,24,Tier 1
TCK00004960,APP0045381,Status Inquiry,7,Tier 2
TCK00004961,APP0045383,Status Inquiry,26,Tier 2
TCK00004962,APP0045385,Status Inquiry,1,Tier 2
TCK00004963,APP0045397,Status Inquiry,25,Tier 1
TCK00004964,APP0045430,Upload,13,Tier 2
TCK00004965,APP0045432,Status Inquiry,13,Tier 2
TCK00004966,APP0045446,Login,27,Tier 1
TCK00004967,APP0045449,Upload,25,Tier 1
TCK00004968,APP0045452,Other,19,Tier 1
TCK00004969,APP0045455,Upload,14,Tier 2
TCK00004970,APP0045469,Upload,15,Tier 1
TCK00004971,APP0045475,Login,27,Tier 1
TCK00004972,APP0045479,Login,11,Tier 1
TCK00004973,APP0045481,Upload,6,Tier 1
TCK00004974,APP0045486,Status Inquiry,17,Tier 1
TCK00004975,APP0045500,Status Inquiry,19,Tier 1
TCK00004976,APP0045505,Login,16,Tier 1
TCK00004977,APP0045510,Status Inquiry,4,Tier 2
TCK00004978,APP0045518,Login,24,Tier 1
TCK00004979,APP0045525,Upload,9,Tier 1
TCK00004980,APP0045531,Status Inquiry,12,Tier 1
TCK00004981,APP0045536,Other,25,Tier 2
TCK00004982,APP0045537,Login,18,Tier 1
TCK00004983,APP0045541,Login,9,Tier 1
TCK00004984,APP0045543,Status Inquiry,22,Tier 2
TCK00004985,APP0045562,Upload,17,Tier 1
TCK00004986,APP0045570,Status Inquiry,25,Tier 1
TCK00004987,APP0045571,Login,24,Tier 1
TCK00004988,APP0045577,Login,36,Tier 2
TCK00004989,APP0045586,Status Inquiry,23,Tier 1
TCK00004990,APP0045606,Other,28,Tier 2
TCK00004991,APP0045610,Login,17,Tier 1
TCK00004992,APP0045629,Login,18,Tier 1
TCK00004993,APP0045637,Login,13,Tier 1
TCK00004994,APP0045650,Upload,18,Tier 2
TCK00004995,APP0045652,Login,18,Tier 1
TCK00004996,APP0045661,Upload,21,Tier 1
TCK00004997,APP0045663,Upload,1,Tier 1
TCK00004998,APP0045673,Status Inquiry,21,Tier 1
TCK00004999,APP0045683,Status Inquiry,11,Tier 1
TCK00005000,APP0045688,Upload,29,Tier 1
TCK00005001,APP0045695,Upload,9,Tier 1
TCK00005002,APP0045699,Login,15,Tier 2
TCK00005003,APP0045717,Login,10,Tier 1
TCK00005004,APP0045719,Upload,23,Tier 1
TCK00005005,APP0045722,Upload,11,Tier 1
TCK00005006,APP0045736,Status Inquiry,9,Tier 1
TCK00005007,APP0045749,Status Inquiry,11,Tier 2
TCK00005008,APP0045767,Upload,19,Tier 1
TCK00005009,APP0045773,Login,17,Tier 1
TCK00005010,APP0045776,Upload,8,Tier 1
TCK00005011,APP0045789,Status Inquiry,1,Tier 2
TCK00005012,APP0045798,Status Inquiry,21,Tier 1
TCK00005013,APP0045803,Login,22,Tier 1
TCK00005014,APP0045811,Upload,7,Tier 1
TCK00005015,APP0045816,Login,15,Tier 1
TCK00005016,APP0045817,Login,18,Tier 1
TCK00005017,APP0045818,Status Inquiry,10,Tier 1
TCK00005018,APP0045821,Login,14,Tier 2
TCK00005019,APP0045822,Status Inquiry,1,Tier 1
TCK00005020,APP0045826,Login,8,Tier 2
TCK00005021,APP0045829,Status Inquiry,16,Tier 1
TCK00005022,APP0045831,Upload,10,Tier 1
TCK00005023,APP0045837,Status Inquiry,22,Tier 2
TCK00005024,APP0045838,Login,21,Tier 3
TCK00005025,APP0045843,Upload,16,Tier 2
TCK00005026,APP0045859,Upload,19,Tier 1
TCK00005027,APP0045881,Other,23,Tier 2
TCK00005028,APP0045883,Upload,15,Tier 2
TCK00005029,APP0045901,Status Inquiry,24,Tier 2
TCK00005030,APP0045908,Upload,18,Tier 2
TCK00005031,APP0045956,Login,23,Tier 2
TCK00005032,APP0045957,Upload,7,Tier 2
TCK00005033,APP0045960,Status Inquiry,8,Tier 1
TCK00005034,APP0045968,Status Inquiry,17,Tier 3
TCK00005035,APP0045970,Status Inquiry,8,Tier 1
TCK00005036,APP0045973,Upload,20,Tier 1
TCK00005037,APP0045980,Status Inquiry,16,Tier 1
TCK00005038,APP0045983,Upload,16,Tier 1
TCK00005039,APP0045994,Status Inquiry,31,Tier 2
TCK00005040,APP0046002,Upload,1,Tier 1
TCK00005041,APP0046005,Other,25,Tier 1
TCK00005042,APP0046010,Status Inquiry,19,Tier 1
TCK00005043,APP0046032,Status Inquiry,29,Tier 1
TCK00005044,APP0046037,Status Inquiry,10,Tier 1
TCK00005045,APP0046054,Other,7,Tier 1
TCK00005046,APP0046061,Other,12,Tier 2
TCK00005047,APP0046062,Login,11,Tier 1
TCK00005048,APP0046072,Status Inquiry,24,Tier 2
TCK00005049,APP0046080,Login,13,Tier 1
TCK00005050,APP0046088,Login,17,Tier 1
TCK00005051,APP0046101,Upload,17,Tier 2
TCK00005052,APP0046107,Upload,18,Tier 2
TCK00005053,APP0046124,Other,17,Tier 1
TCK00005054,APP0046142,Login,12,Tier 1
TCK00005055,APP0046147,Upload,16,Tier 1
TCK00005056,APP0046155,Status Inquiry,25,Tier 1
TCK00005057,APP0046163,Other,21,Tier 1
TCK00005058,APP0046170,Login,14,Tier 1
TCK00005059,APP0046207,Status Inquiry,19,Tier 3
TCK00005060,APP0046225,Status Inquiry,24,Tier 1
TCK00005061,APP0046231,Other,1,Tier 2
TCK00005062,APP0046233,Status Inquiry,11,Tier 1
TCK00005063,APP0046238,Login,17,Tier 2
TCK00005064,APP0046239,Status Inquiry,15,Tier 1
TCK00005065,APP0046262,Upload,25,Tier 3
TCK00005066,APP0046265,Status Inquiry,17,Tier 2
TCK00005067,APP0046269,Status Inquiry,15,Tier 1
TCK00005068,APP0046270,Other,3,Tier 1
TCK00005069,APP0046272,Other,32,Tier 1
TCK00005070,APP0046288,Upload,22,Tier 1
TCK00005071,APP0046290,Status Inquiry,4,Tier 1
TCK00005072,APP0046291,Status Inquiry,12,Tier 1
TCK00005073,APP0046298,Upload,8,Tier 3
TCK00005074,APP0046305,Login,29,Tier 2
TCK00005075,APP0046306,Login,16,Tier 3
TCK00005076,APP0046314,Other,18,Tier 1
TCK00005077,APP0046324,Login,10,Tier 1
TCK00005078,APP0046331,Upload,1,Tier 1
TCK00005079,APP0046333,Status Inquiry,18,Tier 1
TCK00005080,APP0046336,Other,12,Tier 1
TCK00005081,APP0046340,Upload,15,Tier 3
TCK00005082,APP0046343,Login,11,Tier 1
TCK00005083,APP0046366,Status Inquiry,13,Tier 3
TCK00005084,APP0046389,Status Inquiry,10,Tier 3
TCK00005085,APP0046395,Login,17,Tier 3
TCK00005086,APP0046401,Upload,17,Tier 2
TCK00005087,APP0046402,Upload,26,Tier 1
TCK00005088,APP0046420,Upload,22,Tier 1
TCK00005089,APP0046423,Other,13,Tier 1
TCK00005090,APP0046424,Upload,10,Tier 1
TCK00005091,APP0046426,Other,35,Tier 1
TCK00005092,APP0046441,Upload,16,Tier 1
TCK00005093,APP0046442,Upload,32,Tier 1
TCK00005094,APP0046447,Upload,39,Tier 1
TCK00005095,APP0046465,Status Inquiry,20,Tier 2
TCK00005096,APP0046466,Upload,6,Tier 1
TCK00005097,APP0046471,Upload,1,Tier 2
TCK00005098,APP0046472,Other,17,Tier 1
TCK00005099,APP0046478,Upload,22,Tier 2
TCK00005100,APP0046480,Upload,5,Tier 1
TCK00005101,APP0046482,Upload,4,Tier 1
TCK00005102,APP0046499,Upload,16,Tier 2
TCK00005103,APP0046505,Upload,11,Tier 1
TCK00005104,APP0046506,Upload,22,Tier 3
TCK00005105,APP0046510,Status Inquiry,12,Tier 1
TCK00005106,APP0046528,Login,21,Tier 2
TCK00005107,APP0046536,Upload,19,Tier 1
TCK00005108,APP0046538,Other,22,Tier 1
TCK00005109,APP0046544,Login,20,Tier 1
TCK00005110,APP0046551,Login,19,Tier 1
TCK00005111,APP0046563,Status Inquiry,20,Tier 2
TCK00005112,APP0046576,Upload,14,Tier 1
TCK00005113,APP0046590,Login,16,Tier 1
TCK00005114,APP0046591,Login,4,Tier 2
TCK00005115,APP0046594,Status Inquiry,31,Tier 2
TCK00005116,APP0046603,Upload,21,Tier 2
TCK00005117,APP0046612,Status Inquiry,14,Tier 3
TCK00005118,APP0046637,Status Inquiry,1,Tier 1
TCK00005119,APP0046638,Status Inquiry,11,Tier 1
TCK00005120,APP0046652,Status Inquiry,17,Tier 3
TCK00005121,APP0046657,Status Inquiry,31,Tier 2
TCK00005122,APP0046662,Login,22,Tier 1
TCK00005123,APP0046675,Status Inquiry,19,Tier 1
TCK00005124,APP0046678,Login,22,Tier 1
TCK00005125,APP0046679,Status Inquiry,32,Tier 2
TCK00005126,APP0046681,Other,3,Tier 1
TCK00005127,APP0046684,Upload,18,Tier 1
TCK00005128,APP0046695,Status Inquiry,23,Tier 1
TCK00005129,APP0046697,Login,35,Tier 2
TCK00005130,APP0046706,Login,29,Tier 1
TCK00005131,APP0046712,Status Inquiry,9,Tier 2
TCK00005132,APP0046714,Upload,25,Tier 1
TCK00005133,APP0046716,Upload,21,Tier 1
TCK00005134,APP0046725,Upload,16,Tier 1
TCK00005135,APP0046730,Other,1,Tier 2
TCK00005136,APP0046732,Upload,22,Tier 1
TCK00005137,APP0046733,Status Inquiry,15,Tier 1
TCK00005138,APP0046741,Login,24,Tier 2
TCK00005139,APP0046742,Status Inquiry,7,Tier 1
TCK00005140,APP0046745,Status Inquiry,9,Tier 1
TCK00005141,APP0046750,Status Inquiry,24,Tier 2
TCK00005142,APP0046752,Login,2,Tier 1
TCK00005143,APP0046780,Login,18,Tier 2
TCK00005144,APP0046785,Upload,17,Tier 2
TCK00005145,APP0046798,Upload,14,Tier 1
TCK00005146,APP0046806,Upload,23,Tier 3
TCK00005147,APP0046815,Login,32,Tier 1
TCK00005148,APP0046833,Status Inquiry,15,Tier 2
TCK00005149,APP0046839,Status Inquiry,16,Tier 1
TCK00005150,APP0046840,Login,17,Tier 2
TCK00005151,APP0046856,Login,19,Tier 1
TCK00005152,APP0046864,Upload,21,Tier 1
TCK00005153,APP0046887,Upload,25,Tier 2
TCK00005154,APP0046890,Upload,21,Tier 1
TCK00005155,APP0046896,Status Inquiry,21,Tier 1
TCK00005156,APP0046898,Upload,15,Tier 1
TCK00005157,APP0046926,Login,34,Tier 3
TCK00005158,APP0046943,Login,13,Tier 2
TCK00005159,APP0046945,Status Inquiry,11,Tier 1
TCK00005160,APP0046948,Status Inquiry,15,Tier 1
TCK00005161,APP0046966,Login,12,Tier 1
TCK00005162,APP0046968,Status Inquiry,6,Tier 1
TCK00005163,APP0046969,Upload,21,Tier 1
TCK00005164,APP0046971,Status Inquiry,10,Tier 2
TCK00005165,APP0046973,Upload,35,Tier 1
TCK00005166,APP0046995,Login,10,Tier 1
TCK00005167,APP0046997,Status Inquiry,14,Tier 1
TCK00005168,APP0047012,Upload,4,Tier 2
TCK00005169,APP0047025,Other,30,Tier 1
TCK00005170,APP0047057,Status Inquiry,11,Tier 1
TCK00005171,APP0047063,Upload,5,Tier 1
TCK00005172,APP0047073,Login,18,Tier 2
TCK00005173,APP0047075,Login,7,Tier 2
TCK00005174,APP0047083,Upload,19,Tier 1
TCK00005175,APP0047092,Upload,16,Tier 1
TCK00005176,APP0047117,Status Inquiry,22,Tier 1
TCK00005177,APP0047134,Other,32,Tier 1
TCK00005178,APP0047152,Status Inquiry,23,Tier 1
TCK00005179,APP0047158,Other,10,Tier 1
TCK00005180,APP0047166,Login,1,Tier 3
TCK00005181,APP0047169,Upload,34,Tier 1
TCK00005182,APP0047170,Login,22,Tier 1
TCK00005183,APP0047171,Upload,11,Tier 3
TCK00005184,APP0047174,Status Inquiry,18,Tier 2
TCK00005185,APP0047199,Upload,20,Tier 2
TCK00005186,APP0047210,Status Inquiry,8,Tier 3
TCK00005187,APP0047211,Other,22,Tier 1
TCK00005188,APP0047212,Upload,25,Tier 1
TCK00005189,APP0047226,Login,19,Tier 1
TCK00005190,APP0047233,Status Inquiry,20,Tier 1
TCK00005191,APP0047237,Other,12,Tier 1
TCK00005192,APP0047243,Upload,18,Tier 1
TCK00005193,APP0047245,Upload,2,Tier 1
TCK00005194,APP0047255,Upload,14,Tier 2
TCK00005195,APP0047283,Login,42,Tier 1
TCK00005196,APP0047288,Status Inquiry,15,Tier 1
TCK00005197,APP0047289,Login,15,Tier 1
TCK00005198,APP0047293,Status Inquiry,14,Tier 1
TCK00005199,APP0047304,Login,24,Tier 1
TCK00005200,APP0047314,Upload,21,Tier 2
TCK00005201,APP0047319,Status Inquiry,27,Tier 1
TCK00005202,APP0047332,Login,13,Tier 1
TCK00005203,APP0047340,Status Inquiry,14,Tier 2
TCK00005204,APP0047342,Status Inquiry,19,Tier 1
TCK00005205,APP0047349,Upload,14,Tier 1
TCK00005206,APP0047372,Status Inquiry,10,Tier 1
TCK00005207,APP0047382,Login,11,Tier 1
TCK00005208,APP0047386,Upload,13,Tier 1
TCK00005209,APP0047417,Upload,34,Tier 1
TCK00005210,APP0047419,Login,12,Tier 1
TCK00005211,APP0047421,Upload,34,Tier 3
TCK00005212,APP0047429,Status Inquiry,14,Tier 1
TCK00005213,APP0047438,Status Inquiry,5,Tier 1
TCK00005214,APP0047449,Login,23,Tier 1
TCK00005215,APP0047450,Status Inquiry,22,Tier 1
TCK00005216,APP0047477,Upload,32,Tier 1
TCK00005217,APP0047494,Upload,10,Tier 2
TCK00005218,APP0047504,Login,32,Tier 2
TCK00005219,APP0047518,Login,1,Tier 2
TCK00005220,APP0047526,Other,2,Tier 1
TCK00005221,APP0047527,Other,24,Tier 2
TCK00005222,APP0047541,Upload,31,Tier 1
TCK00005223,APP0047549,Login,25,Tier 1
TCK00005224,APP0047552,Status Inquiry,8,Tier 1
TCK00005225,APP0047553,Other,22,Tier 2
TCK00005226,APP0047556,Upload,29,Tier 2
TCK00005227,APP0047558,Login,30,Tier 1
TCK00005228,APP0047560,Other,27,Tier 1
TCK00005229,APP0047565,Login,30,Tier 1
TCK00005230,APP0047574,Status Inquiry,21,Tier 2
TCK00005231,APP0047581,Login,10,Tier 1
TCK00005232,APP0047597,Other,28,Tier 2
TCK00005233,APP0047617,Status Inquiry,27,Tier 2
TCK00005234,APP0047624,Login,26,Tier 1
TCK00005235,APP0047626,Upload,1,Tier 1
TCK00005236,APP0047627,Other,11,Tier 1
TCK00005237,APP0047652,Status Inquiry,30,Tier 1
TCK00005238,APP0047662,Status Inquiry,12,Tier 1
TCK00005239,APP0047665,Upload,30,Tier 1
TCK00005240,APP0047672,Upload,8,Tier 1
TCK00005241,APP0047679,Login,23,Tier 1
TCK00005242,APP0047689,Status Inquiry,1,Tier 1
TCK00005243,APP0047714,Upload,25,Tier 2
TCK00005244,APP0047724,Status Inquiry,20,Tier 1
TCK00005245,APP0047736,Login,11,Tier 1
TCK00005246,APP0047737,Login,15,Tier 1
TCK00005247,APP0047750,Upload,17,Tier 2
TCK00005248,APP0047751,Status Inquiry,11,Tier 1
TCK00005249,APP0047753,Status Inquiry,12,Tier 3
TCK00005250,APP0047767,Status Inquiry,32,Tier 1
TCK00005251,APP0047778,Upload,22,Tier 2
TCK00005252,APP0047788,Status Inquiry,16,Tier 2
TCK00005253,APP0047791,Upload,27,Tier 1
TCK00005254,APP0047793,Upload,22,Tier 1
TCK00005255,APP0047802,Status Inquiry,6,Tier 2
TCK00005256,APP0047805,Login,6,Tier 1
TCK00005257,APP0047807,Status Inquiry,21,Tier 1
TCK00005258,APP0047810,Login,9,Tier 2
TCK00005259,APP0047813,Login,21,Tier 1
TCK00005260,APP0047830,Login,14,Tier 1
TCK00005261,APP0047834,Status Inquiry,9,Tier 3
TCK00005262,APP0047835,Upload,13,Tier 1
TCK00005263,APP0047836,Upload,1,Tier 1
TCK00005264,APP0047841,Login,29,Tier 1
TCK00005265,APP0047842,Status Inquiry,20,Tier 2
TCK00005266,APP0047843,Upload,17,Tier 3
TCK00005267,APP0047844,Login,34,Tier 1
TCK00005268,APP0047853,Upload,21,Tier 1
TCK00005269,APP0047856,Upload,5,Tier 1
TCK00005270,APP0047868,Login,25,Tier 1
TCK00005271,APP0047881,Upload,25,Tier 1
TCK00005272,APP0047900,Other,16,Tier 2
TCK00005273,APP0047907,Login,32,Tier 1
TCK00005274,APP0047910,Upload,14,Tier 2
TCK00005275,APP0047915,Login,16,Tier 2
TCK00005276,APP0047920,Status Inquiry,23,Tier 1
TCK00005277,APP0047925,Login,17,Tier 2
TCK00005278,APP0047926,Status Inquiry,8,Tier 1
TCK00005279,APP0047927,Upload,15,Tier 1
TCK00005280,APP0047928,Upload,16,Tier 2
TCK00005281,APP0047938,Upload,31,Tier 1
TCK00005282,APP0047955,Status Inquiry,17,Tier 1
TCK00005283,APP0047959,Upload,4,Tier 2
TCK00005284,APP0047960,Login,13,Tier 1
TCK00005285,APP0047966,Upload,13,Tier 1
TCK00005286,APP0047980,Login,18,Tier 1
TCK00005287,APP0047984,Login,9,Tier 1
TCK00005288,APP0047987,Status Inquiry,9,Tier 1
TCK00005289,APP0048003,Login,22,Tier 1
TCK00005290,APP0048005,Upload,10,Tier 2
TCK00005291,APP0048024,Upload,27,Tier 1
TCK00005292,APP0048026,Status Inquiry,18,Tier 1
TCK00005293,APP0048044,Upload,16,Tier 1
TCK00005294,APP0048045,Status Inquiry,15,Tier 2
TCK00005295,APP0048047,Login,20,Tier 1
TCK00005296,APP0048054,Upload,20,Tier 2
TCK00005297,APP0048055,Status Inquiry,9,Tier 1
TCK00005298,APP0048066,Upload,27,Tier 1
TCK00005299,APP0048079,Login,14,Tier 1
TCK00005300,APP0048080,Upload,23,Tier 2
TCK00005301,APP0048081,Upload,17,Tier 3
TCK00005302,APP0048083,Login,33,Tier 3
TCK00005303,APP0048086,Upload,17,Tier 2
TCK00005304,APP0048087,Login,11,Tier 1
TCK00005305,APP0048091,Login,18,Tier 2
TCK00005306,APP0048101,Status Inquiry,26,Tier 1
TCK00005307,APP0048112,Status Inquiry,16,Tier 2
TCK00005308,APP0048122,Upload,4,Tier 1
TCK00005309,APP0048125,Status Inquiry,18,Tier 1
TCK00005310,APP0048136,Login,13,Tier 1
TCK00005311,APP0048142,Login,29,Tier 2
TCK00005312,APP0048144,Login,21,Tier 1
TCK00005313,APP0048147,Login,18,Tier 1
TCK00005314,APP0048151,Login,28,Tier 1
TCK00005315,APP0048159,Upload,17,Tier 1
TCK00005316,APP0048162,Login,2,Tier 2
TCK00005317,APP0048163,Status Inquiry,15,Tier 3
TCK00005318,APP0048169,Status Inquiry,13,Tier 1
TCK00005319,APP0048170,Status Inquiry,20,Tier 1
TCK00005320,APP0048172,Status Inquiry,8,Tier 1
TCK00005321,APP0048185,Login,16,Tier 1
TCK00005322,APP0048187,Status Inquiry,18,Tier 1
TCK00005323,APP0048189,Other,13,Tier 2
TCK00005324,APP0048216,Upload,10,Tier 1
TCK00005325,APP0048241,Other,25,Tier 2
TCK00005326,APP0048253,Login,8,Tier 1
TCK00005327,APP0048260,Upload,28,Tier 1
TCK00005328,APP0048280,Login,23,Tier 2
TCK00005329,APP0048298,Other,20,Tier 1
TCK00005330,APP0048324,Login,13,Tier 2
TCK00005331,APP0048335,Status Inquiry,17,Tier 1
TCK00005332,APP0048342,Login,17,Tier 1
TCK00005333,APP0048346,Upload,11,Tier 1
TCK00005334,APP0048347,Login,12,Tier 2
TCK00005335,APP0048349,Upload,20,Tier 1
TCK00005336,APP0048351,Login,11,Tier 1
TCK00005337,APP0048374,Login,19,Tier 2
TCK00005338,APP0048376,Status Inquiry,12,Tier 1
TCK00005339,APP0048378,Status Inquiry,9,Tier 1
TCK00005340,APP0048416,Upload,23,Tier 2
TCK00005341,APP0048446,Upload,13,Tier 1
TCK00005342,APP0048453,Upload,10,Tier 1
TCK00005343,APP0048459,Status Inquiry,13,Tier 2
TCK00005344,APP0048467,Upload,22,Tier 1
TCK00005345,APP0048470,Upload,11,Tier 1
TCK00005346,APP0048475,Upload,15,Tier 1
TCK00005347,APP0048481,Upload,5,Tier 1
TCK00005348,APP0048482,Status Inquiry,18,Tier 2
TCK00005349,APP0048493,Upload,16,Tier 1
TCK00005350,APP0048495,Status Inquiry,8,Tier 1
TCK00005351,APP0048511,Other,21,Tier 2
TCK00005352,APP0048531,Status Inquiry,22,Tier 1
TCK00005353,APP0048545,Status Inquiry,24,Tier 1
TCK00005354,APP0048565,Login,12,Tier 1
TCK00005355,APP0048567,Other,8,Tier 1
TCK00005356,APP0048569,Upload,28,Tier 1
TCK00005357,APP0048573,Login,2,Tier 2
TCK00005358,APP0048584,Other,18,Tier 1
TCK00005359,APP0048588,Upload,18,Tier 2
TCK00005360,APP0048589,Other,20,Tier 2
TCK00005361,APP0048598,Upload,18,Tier 1
TCK00005362,APP0048606,Login,19,Tier 1
TCK00005363,APP0048624,Upload,15,Tier 2
TCK00005364,APP0048642,Upload,20,Tier 2
TCK00005365,APP0048663,Login,16,Tier 3
TCK00005366,APP0048670,Other,20,Tier 1
TCK00005367,APP0048695,Upload,38,Tier 1
TCK00005368,APP0048710,Login,7,Tier 1
TCK00005369,APP0048716,Upload,1,Tier 1
TCK00005370,APP0048728,Upload,20,Tier 1
TCK00005371,APP0048730,Login,36,Tier 1
TCK00005372,APP0048733,Status Inquiry,10,Tier 2
TCK00005373,APP0048734,Login,28,Tier 1
TCK00005374,APP0048763,Upload,19,Tier 1
TCK00005375,APP0048765,Status Inquiry,22,Tier 1
TCK00005376,APP0048771,Login,14,Tier 1
TCK00005377,APP0048773,Upload,30,Tier 1
TCK00005378,APP0048777,Upload,17,Tier 2
TCK00005379,APP0048780,Upload,30,Tier 1
TCK00005380,APP0048781,Upload,38,Tier 1
TCK00005381,APP0048793,Status Inquiry,36,Tier 1
TCK00005382,APP0048797,Other,27,Tier 1
TCK00005383,APP0048801,Upload,3,Tier 1
TCK00005384,APP0048806,Upload,20,Tier 3
TCK00005385,APP0048808,Status Inquiry,25,Tier 1
TCK00005386,APP0048826,Upload,16,Tier 1
TCK00005387,APP0048830,Status Inquiry,15,Tier 1
TCK00005388,APP0048831,Login,11,Tier 1
TCK00005389,APP0048836,Login,38,Tier 1
TCK00005390,APP0048839,Other,22,Tier 1
TCK00005391,APP0048863,Upload,16,Tier 2
TCK00005392,APP0048873,Login,16,Tier 1
TCK00005393,APP0048878,Status Inquiry,23,Tier 2
TCK00005394,APP0048890,Status Inquiry,24,Tier 2
TCK00005395,APP0048906,Status Inquiry,11,Tier 1
TCK00005396,APP0048908,Login,18,Tier 1
TCK00005397,APP0048912,Login,22,Tier 1
TCK00005398,APP0048923,Upload,19,Tier 1
TCK00005399,APP0048947,Upload,35,Tier 1
TCK00005400,APP0048961,Login,22,Tier 1
TCK00005401,APP0048962,Upload,20,Tier 1
TCK00005402,APP0048973,Login,1,Tier 1
TCK00005403,APP0048975,Upload,14,Tier 2
TCK00005404,APP0048988,Upload,28,Tier 1
TCK00005405,APP0048997,Upload,33,Tier 1
TCK00005406,APP0049006,Login,23,Tier 1
TCK00005407,APP0049024,Status Inquiry,25,Tier 1
TCK00005408,APP0049035,Status Inquiry,14,Tier 1
TCK00005409,APP0049058,Login,12,Tier 1
TCK00005410,APP0049066,Status Inquiry,14,Tier 1
TCK00005411,APP0049072,Status Inquiry,26,Tier 2
TCK00005412,APP0049073,Status Inquiry,19,Tier 1
TCK00005413,APP0049075,Upload,9,Tier 1
TCK00005414,APP0049082,Status Inquiry,28,Tier 2
TCK00005415,APP0049093,Status Inquiry,13,Tier 1
TCK00005416,APP0049099,Upload,10,Tier 1
TCK00005417,APP0049105,Login,17,Tier 1
TCK00005418,APP0049108,Upload,22,Tier 2
TCK00005419,APP0049115,Status Inquiry,15,Tier 1
TCK00005420,APP0049139,Status Inquiry,24,Tier 2
TCK00005421,APP0049157,Status Inquiry,18,Tier 1
TCK00005422,APP0049160,Upload,27,Tier 1
TCK00005423,APP0049164,Status Inquiry,17,Tier 1
TCK00005424,APP0049167,Status Inquiry,24,Tier 1
TCK00005425,APP0049195,Upload,15,Tier 2
TCK00005426,APP0049215,Status Inquiry,22,Tier 1
TCK00005427,APP0049225,Status Inquiry,19,Tier 1
TCK00005428,APP0049233,Status Inquiry,10,Tier 1
TCK00005429,APP0049237,Upload,29,Tier 2
TCK00005430,APP0049241,Status Inquiry,15,Tier 1
TCK00005431,APP0049247,Status Inquiry,21,Tier 1
TCK00005432,APP0049248,Status Inquiry,14,Tier 2
TCK00005433,APP0049270,Upload,19,Tier 1
TCK00005434,APP0049275,Upload,18,Tier 1
TCK00005435,APP0049278,Login,14,Tier 2
TCK00005436,APP0049281,Login,19,Tier 2
TCK00005437,APP0049287,Status Inquiry,18,Tier 1
TCK00005438,APP0049289,Login,23,Tier 1
TCK00005439,APP0049293,Status Inquiry,17,Tier 1
TCK00005440,APP0049333,Login,25,Tier 3
TCK00005441,APP0049335,Upload,16,Tier 3
TCK00005442,APP0049376,Login,15,Tier 1
TCK00005443,APP0049380,Status Inquiry,16,Tier 1
TCK00005444,APP0049417,Login,15,Tier 2
TCK00005445,APP0049432,Login,18,Tier 1
TCK00005446,APP0049441,Status Inquiry,22,Tier 2
TCK00005447,APP0049471,Status Inquiry,20,Tier 2
TCK00005448,APP0049477,Upload,11,Tier 1
TCK00005449,APP0049488,Status Inquiry,6,Tier 2
TCK00005450,APP0049492,Status Inquiry,5,Tier 1
TCK00005451,APP0049504,Status Inquiry,32,Tier 1
TCK00005452,APP0049508,Status Inquiry,8,Tier 2
TCK00005453,APP0049528,Upload,16,Tier 2
TCK00005454,APP0049531,Login,32,Tier 2
TCK00005455,APP0049544,Status Inquiry,22,Tier 1
TCK00005456,APP0049550,Login,20,Tier 1
TCK00005457,APP0049551,Upload,14,Tier 1
TCK00005458,APP0049554,Login,14,Tier 1
TCK00005459,APP0049558,Upload,19,Tier 1
TCK00005460,APP0049560,Status Inquiry,24,Tier 1
TCK00005461,APP0049561,Login,25,Tier 1
TCK00005462,APP0049563,Status Inquiry,23,Tier 1
TCK00005463,APP0049576,Status Inquiry,10,Tier 1
TCK00005464,APP0049583,Other,14,Tier 2
TCK00005465,APP0049584,Login,17,Tier 1
TCK00005466,APP0049591,Upload,21,Tier 1
TCK00005467,APP0049595,Login,31,Tier 3
TCK00005468,APP0049608,Status Inquiry,18,Tier 1
TCK00005469,APP0049613,Other,15,Tier 1
TCK00005470,APP0049615,Status Inquiry,21,Tier 2
TCK00005471,APP0049646,Upload,20,Tier 1
TCK00005472,APP0049653,Login,25,Tier 3
TCK00005473,APP0049661,Other,18,Tier 2
TCK00005474,APP0049665,Status Inquiry,15,Tier 1
TCK00005475,APP0049691,Upload,7,Tier 2
TCK00005476,APP0049695,Upload,16,Tier 1
TCK00005477,APP0049719,Status Inquiry,20,Tier 2
TCK00005478,APP0049731,Status Inquiry,16,Tier 2
TCK00005479,APP0049732,Other,24,Tier 1
TCK00005480,APP0049768,Upload,21,Tier 2
TCK00005481,APP0049775,Upload,22,Tier 1
TCK00005482,APP0049777,Upload,5,Tier 2
TCK00005483,APP0049778,Status Inquiry,27,Tier 1
TCK00005484,APP0049782,Upload,23,Tier 1
TCK00005485,APP0049786,Upload,1,Tier 1
TCK00005486,APP0049793,Status Inquiry,13,Tier 2
TCK00005487,APP0049795,Upload,1,Tier 2
TCK00005488,APP0049810,Other,12,Tier 1
TCK00005489,APP0049812,Login,10,Tier 1
TCK00005490,APP0049813,Login,8,Tier 3
TCK00005491,APP0049819,Status Inquiry,23,Tier 1
TCK00005492,APP0049827,Login,25,Tier 1
TCK00005493,APP0049853,Other,15,Tier 2
TCK00005494,APP0049873,Upload,9,Tier 1
TCK00005495,APP0049885,Upload,27,Tier 1
TCK00005496,APP0049893,Login,12,Tier 1
TCK00005497,APP0049899,Status Inquiry,16,Tier 1
TCK00005498,APP0049908,Upload,22,Tier 1
TCK00005499,APP0049909,Upload,17,Tier 1
TCK00005500,APP0049927,Status Inquiry,13,Tier 1
TCK00005501,APP0049932,Login,16,Tier 1
TCK00005502,APP0049933,Upload,21,Tier 1
TCK00005503,APP0049934,Login,22,Tier 2
TCK00005504,APP0049936,Login,15,Tier 1
TCK00005505,APP0049940,Status Inquiry,6,Tier 1
TCK00005506,APP0049948,Status Inquiry,21,Tier 1
TCK00005507,APP0049956,Upload,18,Tier 2
TCK00005508,APP0049963,Status Inquiry,27,Tier 1
TCK00005509,APP0049972,Login,19,Tier 1
TCK00005510,APP0049975,Upload,14,Tier 3
TCK00005511,APP0049988,Upload,12,Tier 2
TCK00005512,APP0049990,Status Inquiry,23,Tier 1
TCK00005513,APP0049991,Upload,3,Tier 1
